orig_text,gen_text,grammar_score,cohesiveness_score,likableness_score,fluency_score,contrast_pred
A young family enjoys feeling ocean waves lap at their feet. A family is out at a restaurant.,A young family enjoys surfing waves outside at their home. A family is enjoying surfing at a beach.,5,5,5,5,entailment
"A person wearing a straw hat, standing outside working a steel apparatus with a pile of coconuts on the ground. A person is near a pile of coconuts.","A person wearing a red shirt, jeans working a hand with a bag of coconuts on the ground. A person is near a bag of coconuts.",5,5,5,5,entailment
A man standing in front of a building on the phone as two men to the side pain on the side. two girls walk through a hall,A man standing in front of a camera on the ground as two girls stand to the camera on the ground. two girls stand behind a camera,3,1,0,-1,entailment
"A person dressed in a dress with flowers and a stuffed bee attached to it, is pushing a baby stroller down the street. An old lady pushing a stroller down a busy street.","A person dressed in a red shirt with flowers and a striped beetle to it, is pushing a dog down the street. An animal pushing a dog down a street.",5,1,2,4,entailment
"Two children, both wearing tan coats, are embracing one another. Two kids are hugging.","Two children, both black and white twins, are embracing each other. Two kids are hugging.",5,5,5,5,entailment
"Women of India performing with blue streamers, in beautiful blue costumes. indian women perform together in gorgeous costumes","Women of India performing with costumes, in beautiful costumes. indian women perform together in gorgeous costumes",5,5,5,5,entailment
A couple is eating outside at a table and he is pointing at something. A couple is eating inside at a table and he is pointing at something.,A couple is eating at a restaurant and he is looking at food. A couple is eating food at a restaurant and he is pointing at food.,5,-1,5,-1,entailment
A man of the cloth puts a black substance on a man's forehead. The women are at the park.,A group of the men puts a chemical substance on a man's face. The men are using the chemical substance.,5,5,3,-1,entailment
Men wearing blue uniforms sit on a bus. Men drive the bus into the ocean.,Men wearing white helmets sit on a boat. Men drive the boat into the ocean.,5,3,3,5,neutral
Two men climbing on a wooden scaffold. Two sad men climbing on a wooden scaffold.,Two men climbing on a mountain. Two men climbing on a mountain.,-1,5,5,5,entailment
"An old man in a baseball hat and an old woman in a jean jacket are standing outside, but are covered mostly in shadow. An old woman has a jean jacket.","An old man in a white hat and an old woman in a white hat are standing outside, but are standing mostly in front. An old woman has a white shirt.",5,3,3,5,entailment
The girl wearing a brown jacket whilst walking in snow. The girl is walking outside.,The girl wearing a blue shirt whilst sitting in bed. The girl is sleeping.,5,3,3,4,entailment
A dog standing near snow looking at water. A cat is laying on the couch.,A man near him looking at water. A man is laying on the beach.,5,3,4,5,entailment
A group of people gathered at night watching an event. A group of humans are looking at the same direction.,A group of people pointing at each other watching an audience. A group of people are looking at the opposite direction.,4,1,1,3,contradiction
A person in a red shirt is mowing the grass with a green riding mower. A person in red is swimming in the Olympics.,A person in a white dress is masked by the camera with a microphone. A person in white is masked in the background.,4,3,2,4,entailment
A large group of people walking in a busy city at night. People are outside in a park.,A large group of people sitting in a small city at night. People are sitting in a large group.,5,5,5,5,entailment
Two little boys are smiling and laughing while one is standing and one is in a bouncy seat. The little boys are crying.,Two little boys are smiling and smiling while one is smiling and one is in a bouncy room. The little boys are smiling.,5,5,5,5,entailment
Island native fishermen reeling in their nets after a long day's work. The men are finishing their day of work.,Islanders reeling in their sand after a long day's sleep. The islanders are enjoying their day of sleep.,5,5,5,5,entailment
People are on an escalator waiting to get to their destination while looking outside of the glass that makes up the wall. People are taking the elevator.,People are on an intersectional street waiting to get to their destination while standing outside of the building that makes up the building. People are outside the building.,5,5,5,5,entailment
"A boy is riding down the road between two cows. A boy, a road and two cows.","A man is walking down the street with two swords. A man, a man and two swords.",5,1,3,5,entailment
A boy is riding down the road between two cows. A single cow is alone.,A single man is walking down the street between two poles. A single man is walking.,5,5,5,5,entailment
A man wearing a red vest is walking past a black and green fence. A man is wearing a vest.,A man wearing a blue shirt is walking past a black and green street. A man is walking past a black and green street.,5,4,5,-1,entailment
Several men at a bar watch a sports game on the television. Some men are watching TV at a bar.,Several people at a mall watch a movie on the street. Some people are watching movies at a mall.,5,5,5,5,entailment
A man holding a baby who is petting a pony. A man with a baby is petting a pony.,A man wearing a blue shirt who is letting a table. A man with a red shirt is letting a table.,5,2,4,4,entailment
a climber wearing a red headband is pulling himself up some gray rocks high above some green foliage. A climber pulls himself up 5000 feet up over a forest,a man wearing a blue shirt is pulling himself up some rocks and rocks high above some rocks. A climber pulls himself up 5000 feet up over a rock,1,1,3,4,neutral
"Two formally dressed, bald older women Two long-haired young women.","Two bald, bald women Two long-haired black women.",5,1,1,1,entailment
"One young boy in a yellow long-sleeved shirt and jeans sitting down, with five adults in front of him, one operating a video camera. An adult using a video camera.","One young boy in a long-sleeved shirt and walking down, with five children in front of him, one wearing a black shirt. An older boy using a video camera.",5,2,3,4,contradiction
"A lady is helping another woman work in a silver compartment, which is most likely related to nurse-work. Two woman are trying to finish orders from a doctor","A man is helping another woman jump in a field, which is most difficult to cross-country. Two woman are trying to jump from a field",4,2,3,5,neutral
Man wearing blue bowing on floor in front of another man in blue bowing on floor with two other men wearing blue kneeling on same floor also. A man is wearing nothing.,Men wearing blue bowing on top in front of another man in blue bowing on top with two other men kneeling on top also. A man is wearing nothing.,1,1,1,2,entailment
A man and a child are purchasing ice cream from a man with a hand pushed ice cream cart. A couple is eating in a restaurant.,A man and a man are eating ice cream from a restaurant with a black hat and ice cream cone. A man is eating in a restaurant.,4,2,3,5,entailment
A pro-baseball pitcher sends a curve ball to his opponent while many fans relax and enjoy the game. A pitcher is playing baseball at a stadium,A non-baseball player sends a ball to his head while many men relax and enjoy the game. A man is playing baseball at a game,3,1,3,5,entailment
Violin soloists take the stage during the orchestra's opening show at the theater. People are playing violin on stage.,Violin violinists take the stage during the men's concert at the concert. People are playing guitar on stage.,5,1,3,5,contradiction
A young boy in red leaping into sand at a playground. A young boy jumps onto his friends sand castle at a playground.,A young man in blue jeans leaping into sand at a beach. A young man leaps onto his own sand at a beach. Young man backandand beach beach man jump ownand castle,1,5,5,5,entailment
A man in a suit driving a horse-drawn buggy down a stone street. The man is driving a buggy.,A man in a white shirt driving a t-shown motorcycle down a street. The man is driving a motorcycle. Man black shirt man motorcycle road man motorcycle,5,4,5,5,entailment
A group of consumers walking through a public market to purchase vegetables with the background of the busy store just behind them. Shoppers purchasing vegetables at a busy public market.,A group of people walk through a busy street market to purchase groceries with the side of the street just behind them. Shoppers purchasing groceries at a busy street market. Group Shop groceries Shoppers groceries street Shop groceries street,5,5,5,5,entailment
An Asian wearing a pastel print shirt and sunhat pushing his cart up the street. An Asian man is selling food.,An Asian man wearing a black print shirt and black hat pushing his bike up the street. An Asian man is selling bikes. Asian man black man bikes street bikes bikes man man,5,3,1,5,neutral
A man in a black shirt and brown pants is jumping in the air performing a karate kick towards a man in a red shirt and black hat. Two males are involved in martial arts.,A man in a black shirt and brown pants is sitting in the air performing a karate kick towards a man in a blue shirt and white hat. Two men wearing blue hats are involved in basketball.,5,1,1,2,contradiction
"A man wearing dark knee boots, a green cape, and a hat with two big feathers on the front is sitting by himself on a bench in front of a building with a blue and white patterned piece of wheeled luggage to his right while he rests both his hands on a walking stick. A man sits by himself at Mardi Gras.","A man wearing dark jeans, a green cape, and a red shirt with two big hats on the ground is sitting by himself on a bench in front of a man with a blue and white hat of braided hair tied to his head while he sits with his head on a bench. A man sits by himself holding a di Gras.",5,1,1,5,entailment
The white dog is pulling a large stick. The dog is taking a nap at the park.,The man is taking a large break. The man is taking a break at the beach. holding man break beach on beach break beach man break beach,5,5,5,-1,entailment
A smiling girl slides down a purple slide feet first. A girl happily uses the equipment at a playground.,A girl slides through a tree feet first. A girl walking uses the tree at a park. through walking tree walking tree tree park walking tree park,5,3,3,5,neutral
Two men working on farm equipment that is being pulled by two horses. The men are working on farm stuff.,Two men working on stuff that is being done by two men. The men are working on hard stuff. stuff men men men done men hard men men hard,5,5,5,5,entailment
A Skier ski-jumping while two other skiers watch his act. A skier preparing a trick,A Skier ski-shirt while two other skiers ride his snowboard. A skier preparing a snowboard ski Skishirt snowboard ski ski snowboard snowboarding stunt Ski snowboard stunt,5,2,1,5,entailment
One confused man is standing and staring off into the distance in front of some ticket collecting machines. The man is confused.,One confused man is walking and snowboarding off into the snow in front of some trees. The man is confused. smiling confused man man man Man snowboard others man snow snow man,5,1,1,4,entailment
A crowd walks about a square at night with smoke or fog drifting over them. A group of people walk through tear gas.,A group talking about a train at night with fog or fog drifting over them. A group of people walking through town. Group group walking town group walking town group walking town,5,1,1,5,neutral
A woman is in the middle of hitting a tennis ball. A woman is playing tennis.,A woman is in the middle of reading a book. A woman is reading. book middle reading Woman reading book reading book book reading books reading,5,5,5,5,entailment
kids are looking at something on a table. Some kids are burning the table down.,Men are looking at something on a sidewalk. Some men are sitting at the sidewalk upside down. Men look Men Men Men sidewalk sidewalk Men men Men walk,3,1,1,1,entailment
A person is on a four wheeler kicking up a lot of dirt in a dune. The person is in a race.,A person is on a sidewalk soaking up a lot of water in a pool. The person is in a pool.soaking person person pool water person pool pool person pool,3,1,-1,5,entailment
San Fransisco 49ers football field with cheerleaders and a packed stadium. The football game got cancelled and the field is empty.,San Fransisco Rangers enter a field with hats and a field. The San Fransisco Rangers got ready and the field is empty. They Rang off empty Field empty empty,1,1,1,5,entailment
A man in a white and gray shirt looks on as a shirtless man with a mustache cleans fish on a pale green table. The man is cleaning the fish that he caught so he can cook it.,A man in a red and gray shirt looks on as a man with a mustache cleans up on a bright green wall. The man is cleaning the wall that he holds so he can clean it.,5,5,3,5,neutral
A guy in glasses is biting into a pink marshmallow chick while somebody else is puckering their lips out wanting a bite. A man is eating a marshmallow.,A man in blue jeans is biting into a knicker while somebody else is puckering their head out wanting a puck. A man is holding a puck.,1,1,1,1,entailment
A man with a beard is playing an acoustic guitar on the street. A woman flashes bystanders.,A man with a red shirt is playing an acoustic guitar on the beach. A woman flashes guitar.,1,0,1,-1,entailment
Players from two opposing teams wearing colorful cleats struggle to gain control over a ball on an AstroTurf field. The players are playing a sport.,Players from two bowling teams and cleats struggle to gain victory over a game on an Open-Turf game. The players are playing a game.,5,3,3,5,entailment
A man is kayaking in rough waters. The man is in a boat,A man is bathing in turquoise waters. The man is in a pool,5,5,5,5,neutral
"One woman with jeans, gray shirt and sandals; with girl in all pink watching a white ball float in midair. The shirt is gray.","One woman with jeans, jeans and shorts; with girl in all black watching a boat float in midair. The boat is floating.",4,1,1,1,entailment
A black man in a blue suit is talking on a cellphone while smoking. The man is jogging,A man in a blue suit is talking on a couch while smoking. The man is sweating,5,1,1,5,neutral
a woman working in the storefront of a jewelry shop fixing the display shelf. The woman is dreaming of a modeling career while working in the jewelry shop.,a woman working in the middle of a building dreaming of the sunset. The woman is dreaming of a sunset while working in the background.,5,5,5,5,entailment
Two adult men in black t-shirt and loud tunics hold smoking torches in preparation for an act of entertainment or celebration in a forested environment. Two brothers hold torches to celebrate.,Two men in white t-shirts and loud tunics hold torches and torches in preparation for an act of violence or violence in a teddy bear parade. Two men hold torches to celebrate.,5,1,1,1,neutral
A patient is being worked on by doctors and nurses. Someone is at the doctor.,A man is being pulled on by boat. Someone is at the beach.,5,3,3,5,entailment
"a boy wearing jean shorts, and a black and blue shirt, reading a book, sits on a rolling device up against a wall that says book fair, while other people stand around. The boy plays a video game.","a man wearing blue shorts, and a black and blue shirt, holding a book, sits on a bench up against a microphone that says book length, while other people watch. The man plays a game.",-1,1,1,1,contradiction
A smiling man and a baby girl posing for photo. A girl poses for a selfie with her mother.,A young girl wearing a black girl posing for food. A girl poses for a food with her family.,2,3,3,5,neutral
Women in costume stand on a stage. The women are on stage.,Women in jeans sitting on a bench. The men are on benches.,5,4,5,5,entailment
A solo shot of a man riding a four wheeler in an atv event. The man is entered in a event.,A solo shot of a man holding a guitar in an improv show. The guitar is entered in a concert.,5,-1,3,5,entailment
An Asian young woman wearing a white shirt and black pants is holding a pink purse. The woman is holding a purse.,An Asian young woman wearing a black and black shirt is holding a microphone. The woman is holding a microphone.,5,5,5,5,entailment
A man is sitting on the floor and is surrounded by pictures. A man sitting on a barren floor.,A man is sitting on the beach and is surrounded by trees. A man sitting on a barren beach.,1,1,1,1,entailment
a woman in a brown dress looking at papers in front of a class. A woman checking papers is a teacher.,a woman in a white shirt standing at home in front of a building. A woman wearing jeans is a woman.,5,1,3,5,entailment
Three women sit together near woven walls. Three women sit together.,Three women sit near bushes. Three women sit outside.,5,5,5,5,entailment
"A large number of people are watching men dressed in kilts, one of whom has thrown a long pole. people watch men in kilts","A large number of people are watching men in wilts, all of whom has thrown a ball. people watch men in hoilts",5,5,4,5,entailment
A young boy with a shaved head and dirty white collared shirt holds a chicken in his arm. The young boy went swimming.,A young boy with a shaved shirt and dirty braided hair holds a hat in his head. The young boy went swimming.,5,2,4,3,neutral
"A woman with a black purse and a red coat is sitting on a pillar of concrete. The woman is running down the path, jogging with earphones in her ears.","A woman with a red purse and a red purse is sitting on a bench of stairs. The woman is walking down the street, posing with earbuds in her purse.",3,1,1,2,contradiction
A woman with a black purse and a red coat is sitting on a pillar of concrete. The woman is waiting for her boyfriend at the local bus stop.,A woman with a red purse and a red purse is waiting on a table of chairs. The woman is waiting for her friend at the table.,5,5,5,5,neutral
"A little boy with a shirt, shorts and socks on, standing on the beach. A boy is watching the ocean.","A little boy with a shirt, shorts and socks on, sitting on the beach. A little boy is watching the sunset.",5,3,4,5,entailment
An Asian man walks a three-wheeled pedal card fully of white bags. An Asian man walks a three-wheeled pedal card fully of white bags and he can be seen leaving the store.,An Asian man walks a t-shirted white card fully of plastic bags. An Asian man walks a -shirted white card fully of plastic bags and he can be seen in the background.,-1,2,2,4,entailment
A band performing at a local bar or club. The band is playing rock music,A musician performing at a concert or concert. The musician is playing live music,5,5,5,-1,entailment
A fat woman wearing faint blue top is blowing soap bubble. A fat woman is wearing a shirt.,A fat woman outside is blowing a bubble. A fat woman is blowing a bubble.,5,5,5,5,entailment
A man is riding a bicycle in the street. a bicycle is being ridden,A man is riding a bike in the snow. a man is being rescued,1,1,1,1,entailment
"A guy on Rollerblades, sliding across a rail. The skateboarder rides the rail.","A man on rollerblades, sliding across a road. The man rides the road.",5,5,5,5,entailment
A man in a pinstriped suit walks down the street and does n't notice the quirky poster on his left. The man who just purchased a pinstriped suit for a formal dinner didn't notice the poster to his left that shows a man wearing the same suit.,A man in a pinstriped shirt walks down the street and does n't notice the signs on his face. The man who just wearing a pinstriped shirt for a man didn't notice the signs to his face that shows a sign on the face.,2,1,1,2,contradiction
A small child is riding in a red wagon. A kid is in a wagon.,A small child is sitting in a chair. A child is in a chair.,5,5,5,5,entailment
A small child is riding in a red wagon. A kid is in a wagon and someone is pulling it.,A man is sitting in a chair. A man is in a chair and someone is holding it.,5,1,4,2,entailment
A group of people sitting and knitting. People are sitting.,A group of people walking and walking. People are walking.,5,5,5,5,entailment
A woman standing in front of a large tank at an aquarium turns around to look at the photographer. A woman wants a new facebook picture of her at the aquarium,A woman dressed in front of a table at an outdoor table turns around to look at the camera. A woman wants a full picture of her face at the beach,5,1,1,5,neutral
Woman running in a park while listening to music. A woman jogging in a park.,Woman sitting in a chair while listening to music. A woman posing in a chair.,3,1,2,5,entailment
"Two hockey players on opposing teams, one in a red and white jersey and one in a blue and black jersey, are standing on the rink. Hockey players are standing on the ice rink.","Two hockey players on field opposing teams, one in a black and white shirt and one in a black and black shirt, are standing on the field. Hockey players are standing on the field.",5,3,5,5,entailment
Man and a child at an exhibit booth looking at something. A woman and her dog are eating breakfast.,Men and a woman look at an audience looking at something. A woman and her friends are outside.,3,1,1,3,entailment
A young couple sitting in a black chair smiling. Two young people are angry.,A young man in a park. Two young people are outside.,5,5,4,5,entailment
A brown dog is in the middle of a line of dogs chasing a dirty tennis ball over dirt. The tennis ball is clean.,A tennis ball is in the middle of a crowd of tennis balls surrounded by a ball overturned. The tennis ball is clean.,5,3,3,5,neutral
"A young gymnast looks back at the audience, trying to catch a glimpse of her proud parents before starting her performance. A gymnast scanning a crowd for familiar faces.","A young blot looks back at the camera, trying to catch a glimpse of her face before starting her race. A young boy wearing a white shirt looking for smiling faces.",5,1,3,4,neutral
A couple about to kiss somewhere. A couple are kissing on new years eve as the ball drops.,A couple are about to retire. A couple are resting on two years old teddy bear as the snow drops.,5,3,5,5,entailment
A woman is sitting down doing some sort of craft work while another person operates a large wooden loom device in the background. The woman sitting is asian.,A woman is sitting down doing some sort of hard work while another person operates a computer in the background. The woman sitting is a computer.,1,0,1,1,entailment
Two bearded men sit side by side. Two men are sitting down.,Two men bearded men sit down by each other. Two men are sitting down.,5,5,5,5,entailment
Two people bicycle on a path separated by small mountains. Two people are riding on bikes outside.,Two people sitting on a bench by small trees. Two people are sitting on benches.,-1,5,5,5,entailment
A group of swimmers jump into a pool. A group of swimmers are sitting on an airplane on the way to their swimming competition.,A group of swimmers jump into a pool. A group of swimmers are jumping on an inflatable pool on the beach to their friends.,5,1,1,3,neutral
"Two boys with blond-hair, wearing striped shirts on a bed. Children playing in the park.","Two men with blond-hair, black shirts and shirts sitting on a bench. Men in the street.",5,3,5,5,contradiction
"A crowd of people in a stadium decked out in white, yellow and green cheer and clap for the team below. a crwod is cheering","A group of people in a white shirt hanged out in red, yellow and red and twop for the crowd. a twod is dancing",3,1,1,4,entailment
A group of people are sight seeing and taking pictures. the group is on vacation,A group of people are standing and taking pictures. the group is on stage,5,5,5,5,entailment
A young girl is standing in a kitchen holding a green bib. A boy is playing with a firetruck.,A young girl is sitting in a kitchen holding a spoon. A young girl is sitting with a spoon.,5,5,5,5,entailment
A male with a prosthetic leg diving for a volleyball. The male has at least one prosthetic leg.,A man with a prosthetic kit diving for a boat. The boat has at least one boat.,5,5,5,5,entailment
A group of female athletes are huddled together and excited. The group of athletes all can breathe underwater.,A group of female men are bred outdoors and breathing. The group of men can breathe outdoors.,3,1,5,3,entailment
"Two sweet young girls on ice skates, hands up and holding on to each other get ready to begin their performance on the ice. Two females holding each other.","Two sweet little girls on ice cream hats, hands up and hands on to each other get ready to begin their day on the beach. Two females watch.",5,3,5,5,entailment
A white man taking a photo in front of water. A man is in front of water.,A man taking a bite in front of water. A man is in front of water.,5,5,5,5,entailment
A group of people in front of some tan colored tents from the american Parkinsons disease association. A group shows up to an event to support research on Parkinsons,A group of people in front of some bright colored sculptures from the sand. A group shows up to an audience to support research on sculptures,5,0,3,5,neutral
Many roller derby players skating around the rink. roller derby players laying down after the match.,Many football derby players lay down around the field. Football derby players laying down after the game.,5,5,5,5,entailment
A man and woman setup a camera. Two people setup a device,A man and woman setup a table. Three people setup a table,4,3,4,5,entailment
A woman standing in front of a wall holding a can of Bud Light with her shirt tied into a semi-halter. The woman who is shown lives in the South.,A woman standing in front of a crowd holding a piece of paper with her head into a t-shirt. The woman who is standing lives in the street.,1,1,1,1,neutral
An medical worker examines a young girl. A health worker is evaluating a girl on her sickness.,An old man wears a helmet. A health worker is putting a girl on her back.,1,1,1,1,neutral
A girl in a black sweater and jeans pours water into an empty soda bottle. A girl pours water into the ocean,A girl in a white shirt pours water into an orange bottle. A girl pours water into the bottle,5,5,5,5,neutral
A man in jeans and a brown shirt jumps high in the air in a living room that has a fireplace and wooden floor. a guy in brown jumps up in a room with a wood floor,A man in jeans and a black shirt jumps high in the air in a living room that has a fireplace and fireplace. a man in jeans jumps up in a kitchen with a fireplace,4,1,3,5,entailment
"A man, wearing a cap, is pushing a cart, on which large display boards are kept, on a road. The person is stealing display boards.","A man, wearing a blue shirt, is riding a bike, on which large cars are running, on a sidewalk. The man is stealing board boards.",1,1,1,1,neutral
"A man stands on a dock near several boats, while 2 other men are on one of the boats. A man with brown hair is standing on a dock.","A man stands on a sidewalk near several buildings, while 2 other men are on one of the buildings. A man with sunglasses is standing on a sidewalk.",5,3,3,5,entailment
A red truck is parked next to a burning blue building while a man in a green vest runs toward it. The burning blue building will turn to dust after an hour.,A burning man is seated next to a burning brick building while a man in a blue shirt runs toward it. The burning brick building will turn to work after an empty building.,1,1,1,1,neutral
A lady in a red shirt and bikini bottoms is about to go surfing on a blue board in the ocean. A woman is surfing in her pool.,A man in a blue shirt and bikini shorts is about to go swimming on a beach in the background. A woman is swimming in her swimming pool.,5,1,3,5,contradiction
A group of children in African clothing. Some humans in green clothing,A group of men in green clothing. Some men dressed in green clothing,5,5,5,5,entailment
A team of surgeons operate on a female patient. The surgeons are operating on a male patient.,A group of pirates operating on a boat. The pirates are operating on a boat.,5,5,5,5,entailment
Man and woman rowing on surfboards third rower in distance. Couples rowing on surfboards.,Man and woman rowing on sand rower in white. Couples rowing on s.,5,5,5,5,entailment
A kid slides down a yellow slide into a swimming pool. The child slides into the pool.,A dog slides down a hill into a lake. The dog slides into the lake.,5,5,5,5,entailment
a young girl looking down through some leaves from atop a tree. There is a girl outdoors.,a man walks down through some dirt from a tree behind a tree. There is a tree.,5,4,5,4,entailment
"Children at daycare playing on rings, and poles, one parent standing and holding her child and one teacher is sitting on the bench watching the others play. Children are body slamming each other.","Children at school playing on stage, and playing indoors, one child standing and holding her hand and one child is sitting on the floor watching the others play. Children are playing slamming together.",5,2,3,5,entailment
"Five people standing on a stage, getting ready to perform, who are unrecognizable due to the lack of lighting. At a rock concert, the audience screams and cries at the handsome singer and his bass guitarist.","Five people sitting on a bench, getting ready to sleep, who are unresponsive due to the lack of lighting. At a table, the man sits indoors and cries at the table and his wife.",3,1,1,3,entailment
A hockey player in blue and red guarding the goal. a person playing a sport,A basketball player in white and white bowling the ball. a person playing a game,3,4,5,5,entailment
A woman wearing a yellow tank top and white pants looking into a window on a city street. A woman wearing a tank top and pants looks through some glass.,A woman wearing a white tank top and black pants looking into a man on a red shirt. A woman wearing a tank top and black pants looks into some man.,5,3,4,5,entailment
A man riding a motorcycle on a dirt road passing several junk or abandoned cars on the side of the road. A man is riding a motorcyle.,A man riding a motorcycle on a sidewalk passing several black or white cars on the side of the street. A man is riding a cyle.,5,3,3,5,entailment
Two people play horseshoes. Tom and Sue were playing outside.,Two people wearing trenches. Tom and Sue were sleeping.,5,1,5,5,entailment
Bubbles surround a statue in the middle of a street. There are bubbles around the statue.,Dogs surround a park in the middle of a park. There are Dogs around the park.,5,5,4,5,entailment
A bicyclist wearing white sunglasses and a white and black helmet. Nobody has sunglasses,A man wearing white sunglasses and a white and white shirt. Nobody has sunglasses,1,1,1,1,contradiction
A woman wearing a striped wrap is bent over in a cornfield while looking at the camera. A man wearing a bathing suit is bent over in a cornfield while looking at the camera.,A woman wearing a white shirt is bent over in a midfield while standing at the beach. A woman wearing a black shirt is bent over in a midfield while standing at the beach.,5,1,3,5,entailment
A man sits at a table in a room. A man sits.,A man sits at a table in a restaurant. A man laughs.,5,3,3,5,entailment
A man in a suit cheering in a library in front of children. A boy is attending a club meeting.,A man in a blue shirt siting in a library in front of computers. A man is reading a book.,5,2,4,-1,neutral
A man in a suit cheering in a library in front of children. A lawyer is encouraging some children at a contest.,A man in a blue shirt intervening in a crowd in front of crowd. A man is encouraging some people to join a crowd.,5,1,1,5,entailment
A man playing a piano A boy is playing trombone.,A boy playing a guitar A boy is playing trombone.,1,1,1,1,contradiction
Dog running with a purple toy in the snowy field. A dog is running.,Man running with a purple toy in the snowy snow. A man is running.,5,3,5,5,entailment
Dog running with a purple toy in the snowy field. A dog is excited.,Man running with a snowy in the snowy snow. A man is excited.,3,3,3,5,entailment
A man in a green shirt and large beige hat is supervising a newsstand that sells snacks and drinks. the man is at home sleeping,A man in a red and large beard hat is supervising a restaurant that sells food and drinks. the man is at home,1,1,1,1,neutral
"Two young ladies walking down the street together. There are two woman in this picture, and they are both outside.","Two women walking down the street. There are two woman in this street, and they are walking.",5,5,5,5,entailment
Two little boys are playing on stairs that have a carpet runner going down them. Two little boys are pretending they are climbing a large mountain.,Two little boys are sitting on rocks that have a large tree going down them. Two little boys are pretending they are holding a large tree.,5,1,3,-1,neutral
A motorist gets some air over a rough hill. A motorist has stalled.,A dog gets some food over a fence. A dog has hurled.,5,1,1,3,entailment
A man in a blue jacket holding a handsaw sawing a pipe on top of a wood fence. Someone is sawing.,A man in a white shirt holding a knife sawing a man on top of a tree. Someone is watching.,5,1,2,1,entailment
A baby sitting in a highchair looking delighted. The baby is crying.,A baby sitting in a dark looking room. The baby is sleeping.,5,5,5,5,entailment
A man laughing while at a restaurant. A man laughing.,A man laughing while at a man. A man laughing.,5,0,3,5,entailment
A man touching a hanging strand of lamps. A man is reaching out to a strand of lamps.,A man touching a small lane of traffic. A man is walking out to a lane of traffic.,4,1,2,5,entailment
A man touching a hanging strand of lamps. A man has his hands shoved into his coat pockets.,A man touching a piece of paper. A man has his hands squeezed into his pocket pockets.,1,1,1,1,contradiction
A man is playing with his skateboard on a street. A man is outside.,A man is playing with his guitar on a bench. A man is playing guitar.,5,5,5,5,entailment
"3 cyclists are racing ahead of a red BMW, with the leader wearing solid white helmet and black cycling pants Three people are riding horses across a course.","3 spectators are walking ahead of a new BMW, with the man wearing solid white jeans and black jeans Three people are walking across a street.",5,2,3,5,entailment
A woman with a pink purse walks down a crowded sidewalk. A woman walks through a crowd,A woman with a white shirt walks down a rocky path. A woman wearing a black shirt,5,1,1,5,contradiction
A man talking into a microphone with a woman standing next to him. The woman is sitting in the chair next to the podium.,A man walks into a park with a woman standing next to him. The woman is walking in the park next to the park.,4,1,1,2,entailment
"A juggler wearing a plaid kilt and a green shirt, juggling. A person rides a bike down a hill wearing pants.","A juggler wearing a kilt and a green shirt, juggling. A person wearing a green shirt walks down a street.",5,1,3,4,entailment
A man sits outdoors with some of his belongings. A man is inside.,A man sits down with some of his sons. A man is sleeping.,4,1,1,5,entailment
A woman and child are on a boat and the woman is looking out into the ocean through a scope. A lady is looking through a scope at the ocean.,A woman and woman are on a beach and the woman is looking out into the ocean at a beach. A woman is looking out at a lake at the lake.,5,1,3,5,neutral
Two men and one woman with blond-hair walk through a gate with barbed wire on top. Two dogs are walking throught a gate.,Two men and one woman with blond-hair walk through a park with sunbed lights on top. Two men are walking throught a park.,5,3,3,5,entailment
a man puts his hands up while telling an amusing story to his friend with a beard. The man is perplexed by the events.,a man puts his hands down while holding an amusing hand to his hand with a microphone. The man is perplexed by the camera.,5,1,3,4,neutral
A man standing on a street with a suitcase in front of him while another man bends down to look at what is displayed on top of it. Two men lie on tables in the morgue.,A man sitting on a bench with a microphone in front of him while another man sits down to sleep at night is sitting on top of it. Two men lie on benches in the plague.,1,1,1,1,neutral
"In an apparent classroom setting, a young man in a blue t-shirt has a book on his knee while a woman dressed in black next to him leans in to point out something in the book. The man and woman are cooperating.","In an apparent outdoor setting, a man in a blue t-shirt has a microphone on his head while a woman standing next to him leans in to point out something in the background. The man and woman are meditating.",5,5,5,5,entailment
"Two men holding a Chinese lantern that's yellow and red, one man has a drill and the other is smiling. A man and his daughter build a doghouse while the dog sits behind them.","Two men build a building that's yellow and white, one man has a red roof and the other is white. A man and his wife build a building while the other sits behind them.",3,1,1,4,entailment
A hand holds a strainer with a small amount of liquid in it with a table with bins in the background. A city of ice sits in the distance.,A city of a city with a large amount of people sitting in it with a city with crowds in the background. A city of people sits in the background.,5,4,3,5,entailment
A blond man playing a guitar. A bald man is playing a guitar.,A blond boy playing a baseball. A blond boy is playing a baseball.,5,5,5,5,entailment
"A woman in an American military uniform sits at a table and writes the words ""sad,"" ""depressed,"" and ""hatred"" on a large sheet of white paper. A woman is diving off a mountain.","A woman in an orange shirt sits at a desk and writes the words ""sufficed,"" ""depressed,"" and ""depressed"" on a piece of paper. A woman is sitting off a desk.",1,1,1,2,entailment
A man sitting on steps with a child as a bystander walks by. A man and a child sitting on steps saw a bystander.,A man sitting on sidewalk with a man as a stroller walks by. A man and a man sitting on sidewalk saw a stroller.,5,3,3,5,entailment
"One man wearing a pink and blue striped shirt, work gloves, and holding a yellow hard hat. A tall person in a shirt","One young man wearing a pink and blue hat, blue shirt, and wearing a yellow and blue hat. A young person in a red hat",1,1,1,5,entailment
A skier goes down a hill with a mountain as a backdrop. A skier going down a hill.,A snowboarder goes down a hill with a rope as a spectator. A snowboarder goes down a hill.,5,4,4,5,entailment
A man in a brown shirt and blue shorts walking in Droney Park. A man walking in Droney Park.,A man in a blue shirt and blue shorts standing in Droney Park. A man in Droney Park.,5,5,5,5,entailment
"A smiling man with gray hair and glasses, dressed in black, is sitting in a chair with a music stand in front of him. This man has an eyesight deficiency.","A man with sunglasses and glasses, wearing sunglasses, is sitting in a chair with a microphone in front of him. This man has an eyesight deficiency.",5,-1,1,4,neutral
A man in a short Mohawk and beard. A man with a short Mohawk and beard stands outside.,A man in a red Mohawk and beard stands outside. A man with a red Mohawk and beard stands outside.,5,5,5,5,entailment
"Four young men stare up at a basketball hoop with no net, in an outdoor, urban basketball court. Four young men looking up at a basketball hoop.","Four young boys stare up at a basketball hoop with no sign, in an orange shirt, wearing basketball pants. Four young boys looking up at a basketball hoop.",5,5,5,5,entailment
"A man with a blue, collared shirt sits in front of another man. a man is looking at his friend","A man with a red, tinted shirt sits in front of his desk. a man is sitting at his desk",-1,5,5,5,entailment
A lit girl splashes around in natural water. A girl splashes in water.,A man splashes outside splashing in white water. A man splashes in water.,5,5,5,5,entailment
At least eight people are sitting at a table in a building that overlooks the city. People sitting on the floor,At least eight people are riding a bike in a park that overlooks the lake. People riding on the lake,2,1,-1,5,neutral
A little boy in a blue shirt is putting some sunglasses up to a window while a lady watches him. A girl puts on some sunglasses,A man in a blue shirt is putting some chicken up to a table while a man watches him. A man puts on some chicken,5,5,5,5,entailment
Two girls kissing a man with a black shirt and brown hair on the cheeks. Two girls kiss there dad.,Two girls kissing a man with a blue shirt and brown hair on the cheeks. Two girls kiss each other.,5,3,5,5,entailment
"A woman wearing an elaborate array of feathers in her hair, a bead necklace, a medallion, and an aqua, brown, and olive-green dress and looks off to her left, smiling slightly. A woman smiles at someone to her left","A woman holding an array of hats in her head, a tadyl, a red lion, and an orange, red, and blue-green shirt and looks forward to her face, smiling at each other. A woman smiles at someone to her face",5,5,5,5,entailment
Two daschunds play with a red ball A cat in a litter box.,Two dash mounds play with a robot A robot in a robot.,1,1,1,3,entailment
There are two people walking in the sand. Two people walk across the beach.,There are two people sitting in the sand. Two people sitting at the beach.,5,5,5,5,entailment
A white greyhound dog wearing a muzzle runs around a track. The dog is not wearing a muzzle.,A white dog wearing a muzzle runs around a fence. The dog is not wearing a muzzle.,1,1,1,1,contradiction
A group of attentive students are paying attention to a college lecture. Some students are attending a class.,A group of people are paying attention to a lecture lecture. Some people are attending a lecture.,5,5,5,5,entailment
A person is posed with one leg raised and one arm out at a competition with their teammates in the background. A man posed with both arms out at a competition.,A person is posed with one man and one man standing out at a table with their camera in the background. A person posed with one man hanging out at a table.,2,1,1,-1,entailment
A red dog jumps and catches a tennis ball in its mouth. a man eating popcorn,A man jumps and catches a fish in its mouth. a man,5,5,5,5,entailment
Artist on street corner selling his artwork. Someone is selling paintings.,Man on stage selling his paintings. Someone is selling paintings.,5,5,5,5,entailment
An accident involving a green Sudan and a gray van. Two cars waited patiently for the light to turn green.,An event involving a parade and a parade. Two men waited patiently for the parade to turn off.,5,3,5,5,entailment
"Four men in safety gear, one holding a camera, are standing on a platform. There has been an accident","Three men in uniform, one holding a hat, are sitting on a bench. There has been an audience",4,1,1,5,entailment
two teen boys in school clothes are walking with something in a garbage bag. Two boys are walking together carrying a bag.,two teen boys dressed in white are playing with something in a pool. Two boys are playing together in a pool.,5,5,5,5,entailment
A person in an orange shirt reaching up. A person is reaching up to grab something.,A person in an orange shirt reaching up. A person is walking to work.,5,1,1,3,neutral
two people riding their bikes down a street together. A couple gets married at the courthouse.,two people walking their bike down a street. A couple gets out at the beach.,5,1,3,5,neutral
"Runners in various athletic garb, as well as one individual in a spotted-green dragon costume, run to the right. Runners see a dragon costumed person","Runners in red blob, as well as one individual in a t-green blazer, walk to the ground. Runners see a drib",5,1,2,5,entailment
A group of people is sitting at a large table and using paint brushes to form characters on white paper. The people are using their fingers to paint with.,A group of people is sitting at a table and using paint paint to form paint on canvas. The people are using their paint paint to paint with.,5,5,5,5,entailment
A man in a blue jogging suit is running on the sidewalk in front of a painting. The man is sweating from his run.,A man in a jogging suit is sitting on the sidewalk in front of a crowd. The man is sweating from his chair.,5,2,1,4,neutral
A basketball player in a red uniform is trying to make a basket but is being blocked by the opposing team. The basketball player is stretching on the sidelines.,A basketball player in a white shirt is trying to make a basketball game but is being watched by the bowling player. The player is playing on the field.,5,1,3,3,entailment
"One man, shirtless, and a woman, clothed, jumping in the water. Two people are in a helicopter, high above the Sahara desert.","One man, man, and a woman, hooded, sit in the pool. Two people are in a pool, high above the ground.",5,1,2,3,entailment
"A small, pale bird bends down to examine a crumb. The bird is on the ground.","A tall, white dog bends down to examine a tree. The dog is on the ground.",5,5,5,5,entailment
"A lady, dressed in a costume, is posing with an axe in the middle of the woods. A lady with an axe is posing in the middle of the woods.","A man, dressed in a blue shirt, is posing with an animal in the middle of the woods. A man wearing an orange shirt is posing in the middle of the woods.",5,1,1,5,neutral
A woman lowering ballast on a boat. The captain of the boat is preparing for rough waters.,A woman preparing food on a lake. The owner of the lake is preparing food for waters.,4,1,1,3,neutral
"A dark-skinned person, crouched while painting a sign. A white man is painting his house.","A long-skinned person, smiled while painting a wall. A man is painting his wall.",5,5,5,5,entailment
A young man is playing a blue guitar. A musician practices on his guitar briefly before a concert.,A man is playing a baseball. A man practices on his back briefly before a game.,5,4,5,5,entailment
A man wearing black pants and a helmet is riding a brown horse. A man is practicing for a horse race.,A man wearing black pants and a white shirt is wearing a black shirt. A man is wearing black pants for a parade.,1,1,1,2,neutral
Two men are boxing in fighting arena. TWo men are boxing.,Two men are bathing in water. TWomen are bathing.,3,0,2,5,entailment
A young woman dressed in black attaches bags full of flowers to a bicycle. The flowers are lilacs.,A young woman dressed in white attaches a table full of flowers to a table. The flowers are hanging indoors.,5,5,5,5,entailment
A group of adults standing up with children in sports attire kneeling on the ground. A woman drinks moonshine.,A group of men stand up with men in shackling on the sidewalk. A woman drinks undershine.,-1,1,1,1,entailment
A man with a beard is talking on the cellphone and standing next to someone who is lying down on the street. A man is prone on the street while another man stands next to him.,A man with a red shirt is standing on the sidewalk and standing next to someone who is standing on the sidewalk. A man is seated on the sidewalk while another man stands next to him.,5,4,3,5,contradiction
A girl in black pants doing exercises. A girl trying to get fit for a bodybuilding competition.,A girl in white doing laundry. A girl trying to get ready for a meal.,5,1,1,4,entailment
Two men help each other cut a sheet of plastic. Two friends help each other by cutting some plastic.,Two men help each other cut a piece of plastic. Two men help each other by cutting some plastic.,-1,5,5,5,entailment
Expert snowboard is trying a new trick. The person is snowboarding on top of a mountain.,Man is trying a new game. The man is staring on top of a new game.,3,2,3,3,entailment
Expert snowboard is trying a new trick. The person is surfing on the water.,Man is trying a new job. The man is working on the job.,5,5,5,5,entailment
Expert snowboard is trying a new trick. The person is snowboarding.,Snow snowboard is trying a new snowboard. The snowboarder is snowboarding.,5,5,5,5,contradiction
Several adults look on while a young girl plays in a ball pit. A young girl is sitting in her chair.,Several young girls walk on while a young girl walks in a park. A young girl is walking in her park.,5,5,5,5,entailment
Several adults look on while a young girl plays in a ball pit. A young girl is having fun.,Several young girls look down while a young girl plays in a park. A young girl is having fun.,5,5,5,5,entailment
Security officer working outside. A security officer is dressed in a uniform.,Police officer working overtime. A police officer is working in a police uniform.,-1,5,5,5,entailment
The cyclist rides on a wooded path. The cyclist rides with a companion on a wooded path,The man rides on a wheeled wheel. The man rides with a wheel on a wheeled wheel,5,5,-1,5,entailment
a wet golden retriever is walking through a lake A wet golden retriever is walking through a lake to find a ball.,a wet dog retriever is walking through a field A wet dog retriever is walking through a field to find a dog.,5,5,5,5,neutral
A man walks by a building at night. A man is sitting in the sun.,A man walking by a tree at sunset. A man is walking in the park.,5,4,5,5,entailment
A worker is preparing fish to be sold at a market. A person is on a boat fishing.,A man is begging to be seen at a park. A man is on a park.,5,3,2,5,entailment
A young ladies squatting at hillside sipping on a drink the other one with the white purse is talking pictures. A group of hikers pause for a break.,A young man sat at seaside sipping on a drink the other one with the name is talking pictures. A group of young men sits seated for a drink.,3,2,3,4,entailment
A bird is perched on a line of some sort attached to a pole. A bird is wallowing on a pole.,A man is twitched on a side of some sidewalk to a sidewalk. A man is tallowing on a sidewalk.,1,0,1,2,entailment
A man wearing a shite short-sleeved shirt kisses a woman wearing a light pink jacket while standing on a public street. A man is kissing a woman,A man wearing a sleeved short-sleeved shirt kisses a woman wearing a blue shirt while sitting on a bench. A man is kissing a woman,5,5,5,-1,entailment
"While two students are jumping, others in a classroom are sitting or standing. Two students disrupting class.","While two students are swimming, others in a swimming pool are swimming or swimming. Two students bathing outdoors.",4,1,3,4,entailment
A photo of a woman in a black coat standing in front of a large two-paneled photo depicting a woman in a gray dress looking down with her hand in a bag. The photo was of two men.,A photo of a woman in a white shirt in front of a t-shirted shirt depicting a woman in a blue shirt looking down at her face in a red shirt. The photo was of a woman wearing blue.,5,3,3,5,entailment
A woman runs on the beach. The old lady spends a good time relaxing on the lounge.,A woman walking on the beach. The woman spends a good day on the beach.,5,5,5,5,entailment
An old man holds up a sign. A man is sleeping.,An old man holds up a stool. A man is holding a stool.,5,5,5,5,entailment
Several men in black t-shirts and caps are using with metal rods to smash food that's lying on a round table with a hole in the center. men using metal rods,Several men in white t-shirts and jeans are using with metal poles to fix a wall that's lying on a wall with a hole in the center. Men using metal poles,5,5,3,5,entailment
Two women look at a table with assorted items on it in some sort of market that others are currently browsing. two women are looking,Two women look at a storefront with as many men on it in some sort of way that they are looking at. two women are looking,5,5,5,5,entailment
An Asian lady is holding a cup and sitting in front of a table covered in different foods. There is a table next to a lady.,An old lady is wearing a black and white shirt standing in front of a crowd in front of a crowd. There is a lady standing next to a crowd.,2,0,1,5,entailment
A fireman searching for something using a flashlight. A fireman is in the dark.,A firefighter searching for fire using a fireman. A fireman is in the background.,5,1,3,5,entailment
A dark-haired man in a black uniform is speaking to a man wearing a black jacket and black helmet on a motorbike. A man in a police uniform is talking to another man.,A dark-haired man in a white shirt is speaking to a man wearing a black and black shirt on a red shirt. A man in a black shirt is talking to another man.,5,2,3,5,entailment
There is a man poking a long stick up towards the ceiling. The man has no arms.,There is a man poking a ball up towards the camera. The camera has no camera.,1,1,1,1,contradiction
A young girl with water wings leaps into a crowded pool There are people in a pool.,A little girl with water jumps into a pool There are people in a pool.,5,5,5,5,entailment
A woman is walking her dog along a snowy ground. A woman is trying to get her dog to go to the bathroom after it has freshly snowed.,A woman is trying to get her dog to a snowy park. A woman is trying to get her dog to go to the park while it has snowed snow.,5,5,5,5,entailment
A woman with a vest and red shirt is holding her hand up above a black and white dog that is jumping. The woman is wearing a full sleeved jacket.,A woman with a black and white shirt is holding her hand up above a black and white shirt that is white. The woman is wearing a full sleeved shirt.,5,3,3,4,entailment
A man sitting and a woman laying in his lap kissing each other. A man sitting and woman laying in his lap.,A man and a woman laying in his boating boat. A man and woman laying in his boat.,5,5,5,5,entailment
"The blond young man who had been splattered with paint colors of blue, orange, and green held up his camera to take a picture. A man covered in paint takes a photo.","The man who had been splattered with paint colors of red, orange, and red held up his head to take a picture. A man in red takes a picture.",5,5,4,5,entailment
A person standing next to an old dark building. A person standing near a building.,A person walking next to an empty building. A person walking near a building.,5,5,5,5,entailment
a dog jumps over the pole. dog is jumping over a pole,a man jumps over the fence. Man is jumping over a fence,5,5,5,5,entailment
"a dog jumps over the pole. Dog is participating in a competition, showing his agility training.","a man leaps over the grass. man is participating in a parade, showing his friends.",4,1,3,3,neutral
A four piece band plays a song on a medium-size stage. A three piece band plays a song on a medium-size stage.,A young piece boy plays a guitar on a medium-size scale. A young piece boy plays a guitar on a medium-size scale.,5,5,5,5,contradiction
A four piece band plays a song on a medium-size stage. The band is playing punk rock music.,A small piece musician plays a guitar on a medium-size stage. The musician is playing kitty music.,5,3,2,5,entailment
"Two men in costumes with fake carrot noses, top hats, sunglasses and white fur coats that contain white electrical lights. People in costumes","Two men in white suits with white jackets, top hats, black and white jackets that contain white electrical lights. People in uniform",5,1,1,4,entailment
One female and two male musicians holding musical equipment. There four females,One female and two men holding food. There are two females,2,0,1,5,entailment
A big dog catches a ball on his nose A dog is playing with his owner,A man catches a ball on his head A man is playing with his head,3,3,2,5,entailment
A performer plays an instrument for the audience. The performer is making music.,A snowboarder plays an instrument for the camera. The snowboarder is making waves.,3,1,1,1,entailment
A young boy hanging on a pole smiling at the camera. The young boy is smiling.,A young boy sitting on a bench smiling at the camera. The young boy is smiling.,5,5,5,5,entailment
A woman talks on a cellphone while sitting in front of blue railings that are in front of the ocean. She has a conversation on her phone outdoors,A woman talks on a microphone while sitting in front of mirrors that are in front of the camera. She has a microphone on her face,-1,5,2,5,entailment
"Two distinguished older gentlemen stand outside a house, trees in background, both with white hair, the taller man having his arm about the other man's shoulder as they face the camera from behind their corrective lenses. The older men are colleagues.","Two distinguished craftsmen stand outside a building, trees in background, both with white hair, the painter still having his hand about the man's face as they face the camera from behind their oppressive head. The two men are standing outside.",5,1,4,5,entailment
"An Asian woman in a purple shirt preparing a bowl of food for the younger Asian boy sitting near buy, while an Asian man eats a roll and prepares to take some food up with his chopsticks. A woman is preparing food for a child.","An Asian woman in a white dress preparing a cup of coffee for the crowd near home, while an Asian man eats a cup and prepares to take some coffee up with his burgers. A woman is preparing dinner for a crowd outside.",3,1,2,3,neutral
2 people with backpacks are at a table with a woman with a beige blazer sitting behind it. 10 people are kissing,2 people with white hats are at a table with a woman with a woman holding it. 10 people are siting,3,1,3,4,entailment
"Two black guys, that are on rival teams playing basketball. Two women playing basketball.","Two men, that are on different teams playing baseball. Two men playing baseball.",5,5,5,3,entailment
Two cars are being driven in a car race. A Bugatti and a Lambourgini compete in a road race.,Two Bugatti men are being watched in a parade. A Bugatti men watch a bourgini parade in a parade.,3,1,1,5,entailment
"Three men in yellow green safety vests sit on a bench yawning, smoking and having a break. There are people seated.","Men in yellow green shorts sit on a hill yellow, sitting and having a picnic. There are people outside.",5,5,5,5,entailment
"A middle-aged woman with red-hair, a white shirt, and a silver beaded necklace is holding a yellow cellphone against her ear while talking. She was calling her husband on her cellphone.","A middle-aged woman with long-hair, a white shirt, and a white beard is wearing a yellow shirt against her head while sitting outside. She was holding her head on her head.",2,1,1,1,entailment
A black and white picture of a city street with a food vendor in the foreground. The colors has disappeared form the world.,A black and white picture of a man with a black shirt in the foreground. The man has black form the picture.,5,3,3,5,entailment
A black and white picture of a city street with a food vendor in the foreground. The food vendor is selling hot dogs.,A black and white picture of a food truck with a truck in the foreground. The food truck is empty.,5,1,1,5,entailment
A person sweeping stairs in a park. A person outside.,A person seated in a chair. A person seated outside.,5,3,3,5,entailment
A white and black spotted dog is running through a grassy area. A dog is outdoors.,A black and black hat is walking through a snowy area. A black hat is walking.,5,5,5,5,entailment
Man in blue shirt yells and points off-camera while a man in a blue shirt and baseball cap watches. A man is yelling.,Man in blue shirt yells and points off-camera while a man in a blue shirt and blue shirt watches. A man is yelling.,5,5,2,5,entailment
"A man sitting on a statue outdoors, near a woman standing next to him. children playing baseball at the park","A man sitting on a bench, near a woman standing next to him. Man sitting at the bench",5,4,5,5,entailment
"A woman with a white blanket over her head is holding a baby wrapped in a blue, pink, and yellow blanket. The blanket is black.","A woman with a white shirt over her head is wearing a blue shirt in a red, pink, and yellow shirt. The woman is wearing blue.",3,4,3,3,entailment
A girl climbing a chain link fence. The girl climbs the fence to get to school.,A girl riding a bike. The girl climbs the bike to get to school.,5,1,1,5,contradiction
"A woman is sitting in a chair, while a man is going through the sport utility vehicle. a girl is sitting waiting to leave for vacation","A woman is sitting in a chair, while a girl is walking through the street. a girl is sitting waiting to wait for dinner",1,1,0,1,neutral
The man white purple and white polka-dotted shirts is eating and looking to his right while the woman behind him has a confused look on her face. A person is consuming food.,The man wearing white hat and white polka-shirt is eating and looking to his food while the man behind him has a smile on her face. A person is consuming food.,5,1,3,3,entailment
Several people talk and drink beer while sitting around a picnic table. Several friends talk and drink beer while sitting around a picnic table.,Several people talk and drink beer while walking around a park. Several people talk and drink beer while walking around a park.,5,5,5,5,entailment
The man in the sailor suit is holding literature. A chef is cooking stew.,The man in the sailor is holding literature. A man is cooking food.,5,1,1,1,entailment
A man talks to two guards as he holds a drink. The prisoner is talking to two guards in the prison cafeteria.,A man talks to two cyclists as he rides a bike. The man is talking to two cyclists in the tiger.,1,1,0,1,entailment
A young woman wearing a yellow shirt and off-white shorts is reading a book while sitting on a park bench. A woman reading a book while sitting on a bench.,A young woman wearing a white shirt and off-white shorts is reading a book while sitting on a bench. A woman reading a book while sitting on a bench.,5,5,5,5,entailment
A younger couple is walking across a crosswalk outside with a very busy bus stop behind them. There are people inside of a store.,A man is walking across a street with a very busy street behind them. There are people outside of a street.,3,3,3,5,entailment
A wall hung with multicolored crosses is visible behind the group of young men as they converse. Young men are talking,A group hung with multicolored clothing is visible behind the eyes of young men as they rode. Young men are walking,3,1,1,5,entailment
Two women wearing red are smiling at the camera. With their backs turned to the camera were two women wearing blue dresses,Two women wearing sunglasses are standing at the beach. With their knees turned to the beach while were two women wearing sunglasses,2,1,2,5,entailment
A man hammering nails on a shed. The shed is made of t-shirts.,A man hammering nails on a wall. The wall is made of t-shirts.,1,1,1,1,contradiction
A man wearing a business suit holds up a drink as the other laughs. the man is crying and writing,A man wearing a red shirt holds up a drink as the crowd laughs. the man is smiling and smiling,5,5,5,5,entailment
"A man wearing a checkered shirt, cream suit and tennis shoes sits on a bench. the guy is on the bench waiting for his wife","A man wearing a hammered shirt, jeans and black shoes sits on a bench. the man is on the bench waiting for his son",5,5,5,5,neutral
Some folks pick out the food they want at a party. The party-goers are perusing the buffet.,Some ski pick out the snow while they ride a bike. The snow-covered skiers are perusing the snow.,3,1,1,1,entailment
A woman swings on a rope overlooking a red farmhouse and gated pastures and tall trees. the woman is hanging out with her kids,A woman sits on a bench overlooking a tree and shaded shrubs and tall trees. the woman is sitting on her desk,1,1,1,1,contradiction
A man in a dark long rainproof jacket but dry hair walks to the left in a city that has recently rained. the man is sitted in the bar,A man in a dark white shirt but white hair walks to the street in a city that has recently walked. the man is busted in the street,3,1,1,3,neutral
A gymnast is seen defying gravity as she performs an impressive move several feet above the parallel bars. a gymanst performing,A blot is not defying people as she performs an electric guitar several feet above the ground. a leanswoman performing,-1,1,5,5,entailment
A man and a Woman cutting dough. A husband and wife making pizza.,A man and a Woman making crafts. A man and wife making crafts.,5,5,5,5,entailment
A man with two small boys making a purchase from a woman. The man with the little boys is buying a gift from the woman's store.,A man with two small children making a sandwich from a hamburger. The man with the children is buying a sandwich from the farmer's market.,5,1,1,5,neutral
Three women are dancing among the bamboo. A group of men are fencing.,Three women are dancing at the beach. A group of men are dancing.,3,3,5,5,entailment
A man has wrecked his racing bike in the dirt with five spectators behind a rope. A man has damaged something.,A man has wrecked his bike in the air with five cyclists holding a car. A man has damaged something.,1,1,1,1,entailment
A man with a tattoo on his arm staring to the side with vehicles and buildings behind him. A man has dragon tattoos on his arm.,A man with a blue shirt on his head staring to the camera with sunglasses and sunglasses behind him. A man has blue shorts on his head.,1,1,1,1,neutral
A woman cook in an apron is smiling at the camera with two other cooks in the background. A woman not paying attention to the camera,A woman dressed in an orange shirt is smiling at the camera and two other spectators in the background. A woman not paying attention to the camera,5,1,1,5,entailment
A group of children playing with props The children are playing with machine guns.,A group of children playing with ropes The children are playing with rope.,5,5,5,5,entailment
A photographer and assistant take a photo of a man in a suit and a woman in a dress in front of large white columns and a yellow wall. The photographer is taking a photo of a dog.,A man and woman take a photo of a man in a white shirt holding a woman in a red shirt in front of large shirts and a black shirt. The man is holding a photo of a man.,5,1,2,5,entailment
A woman wearing a red coat stands on a wood floor in front of several paintings while two girls sit on the floor at her feet. Woman takes a break at a museum while her children sit by her feet.,A woman wearing a black shirt stands on a sidewalk in front of several people while two girls sit on the sidewalk at her desk. Woman takes a break at a desk while her desk chairs sit at her desk.,5,1,1,5,neutral
A mountaineer about to descend down a mountain with a blue helmet on. A man is drinking hot cocoa inside a lodge.,A teddy bear about to walk down a street with a wooden bench on. A man is drinking hot cocoa powder at a restaurant.,5,1,3,3,contradiction
A woman in a red jacket walks down the street in the rain. Woman walks down street on sunny day,A woman in a black shirt walks down the street in the street. Woman walks down street on sidewalk,5,5,5,5,entailment
Woman adjusting her eyeglasses. Woman adjusting her eyeglasses after reading.,Woman adjusting her toes. Woman adjusting her toes daily.,5,1,3,5,entailment
A young boy wearing an orange uniform stands on the field near a colorful ball. A girl is wearing a sweater.,A girl wearing an orange shirt stands on the ground near a church building. A girl is wearing a red shirt.,5,1,1,5,contradiction
A crowd of people in winter garb gather in the street against a backdrop of bare trees and snow. It is cold and snowy outside.,A group of people in blob gather in the snow against a backdrop of rocky trees and trees. It is snowy and snowy weather.,5,5,5,5,entailment
A man with a cowboy hat and a gentleman with sunglasses on his head are seated next to each other. The very differently dressed men sit next to each other,A man with a cowboy hat and a man with sunglasses on his head are seated next to each other. The very young man sit next to each other,3,1,1,5,entailment
A man in a purple and blue shirt and shorts is getting ready to hit a golf ball. A man is on a golf course.,A man in a black shirt and jeans and shorts is getting ready to hit a road. A man is on a road.,5,1,1,-1,entailment
"Two babies, one in red, asleep in their highchairs. babies are asleep","Two babies, one in white, asleep in their bed. babies are sleeping",5,5,5,5,entailment
The blue kayak is being ridden over a small waterfall. A guy is working out in the gym.,The man is being walked over a small waterfall. A man is walking in the water.,5,3,5,5,entailment
People in chairs around a table The people are eating dinner.,People in walking around a park The people are walking.,5,5,5,5,entailment
A group of people are gathered on a sidewalk in front of a store nearby a littered street. A group of people are considering whether to shop at the store.,A group of people are sitting on a bench in front of a table nearby a teddy bear. A group of people are sitting whether to sit at the table.,5,1,2,5,entailment
A man alone crosscountry skis in the wilderness while wearing a huge backpack. A man skis in the wilderness while it's snowing,A man cross skis in the snow while riding a bike. A man skis in the snow while it's snowing,1,1,1,2,entailment
A group of people sitting around a table eating food. People are at a table eating Christmas dinner.,A group of people sitting around a table eating food. People are at a table eating food.,5,5,5,5,entailment
An asian teenager wearing a white shirt with black stripes is sitting on the steps with his face resting on his hand. The teenager is sliding down the railing.,An asian man wearing a red shirt with black stripes is sitting on the ground with his head resting on his head. The man is sitting down the street.,5,-1,3,5,entailment
A man with a pinstriped shirt and tan slacks adjust his tie while looking at a apple laptop computer. A woman adjusts her bra,A man with a striped shirt and lean slacks adjust his face while sitting at a apple bench. A woman adjusts her face while sitting,5,4,4,5,entailment
a boy in a blue uniform is standing next to a boy in red and a boy in yellow and they are holding baseball gloves. Three boys are preparing for their big game that is about to start.,a boy in a blue shirt is standing next to a boy in white and a boy in white and they are smiling. Three boys are preparing for their wedding that is about to start.,5,3,5,5,entailment
Construction workers use cables to hang from the sides of buildings. Construction workers are brave.,Construction workers use concrete to move from the ground of buildings. Construction workers are using concrete.,3,5,5,5,entailment
A police person is on a motorcycle on the side of a street. A policewoman is sitting on the motorcycle behind the parked car.,A young person is on a sidewalk on the back of a building. A man/woman is sitting on the sidewalk behind the building.,5,3,5,5,entailment
The black woman is laying out literature. A black woman is handling printed material.,The young woman is laying out outside. A young woman is outside.,5,5,5,5,entailment
Two men in hard hats and safety neon vests on scaffolding working outside in the daylight. A school class visits the museum of modern art.,Two men in black hats and safety neon vests on marching working outside in the air. A man visits the streets of Chicago.,3,1,1,2,neutral
An adorable child leaping to block a soccer ball from entering the goal. A child blocks a goal with his hockey stick.,An infant pretending to block a goal from entering the box. A child blocks a goal with his hand.,5,5,5,5,neutral
An Indian woman stands in an outdoor marketplace. A female is outdoors at a bazaar.,An elderly woman stands in an indoor park. A female is standing at a park.,5,4,4,5,entailment
A young couple and many others out enjoying themselves at an outdoor street event. The young couple are looking at goods being sold by the street vendors.,A young couple and many others outlining themselves at an auction. The young couple are looking at items being sold by the auction.,5,5,4,5,entailment
Several street vehicles pass by a traditional architecture style of Thailand. Vehicles are going down a street in Thailand.,Several motorcyclist vehicles pass by a crowd of people. Vehicles are walking down a street in silence.,5,1,1,1,entailment
A man in a green shirt is getting his feet wet in front of a wall showing a closeup picture of a face. The man is waiting for his friend to come meet up with him.,A man in a blue shirt is getting his camera in front of a camera showing a standup picture of a man. The man is waiting for his camera to show up with him.,5,3,4,-1,entailment
A man in renaissance clothing is sitting on a brick wall. The man is in costume,A man in renaissance suits is sitting on a bench. The man is in renaissance suits,5,5,5,5,entailment
Four women standing around a yellow table are looking at laptops. A group of women looking at laptops together.,Three women standing around a table are looking at mirrors. A group of women looking at mirrors outside.,5,1,2,3,neutral
A solo cyclist is riding down a windy road. A cyclist rides down a road,A horse is riding down a hilly hill. A horse rides down a hill,5,5,5,5,entailment
A man is working in an art studio and is surrounded by art supplies. A man is working on art.,A man is working in an office and is surrounded by people. A man is working on projects.,5,5,5,5,entailment
A kid dressed in a long-sleeve shirt with a jersey numbered 11 is passing a bar to a boy in a jersey numbered 12 during a relay race. A team of youths race to finish first in a relay race on a beach.,A man in a long-sleeve shirt with a red numbered shirt is finishing a second to a man in a red numbered shirt during a race. A group of men wear red sleeve shirt to finish first in a red shirt on a racetrack.,4,1,3,4,entailment
a big black dog jumps in the air to catch the tennis ball in his mouth. A dog is jumping.,a man jumps in the air to catch the ball in his mouth. A man is jumping.,5,5,5,5,entailment
Two dancers in pink tops and striped capri bottoms perform on stage barefoot. Two magicians are performing on stage.,Two dancers in pink hats and pripricots perform on stage shirts. Two dancers are performing on stage.,5,3,5,5,entailment
A man sits on a couch beside a colorful cushion with a pencil in his hand. The man is holding a pencil.,A man sits on a bench beside a man with a microphone in his hand. The man is holding a microphone.,3,5,5,5,entailment
A few women and children are collecting items from rocks. People are throwing rocks.,A few women and men are collecting food from trees. People are collecting food.,5,5,5,5,entailment
The man walks among the large trees. The mas is walking next to dogs.,The tree stands among the pine trees. The bushes is standing next to trees.,4,2,3,3,entailment
A person in blue is the only person currently throwing their ball at a bowling alley. The person is eating nachos.,A person in red is the only person currently holding their hand at a bowling volley. The person is wearing red polos.,5,5,3,5,entailment
A man with thinning hair looking into glasses through glasses. A man with thinning hair.,A man with winning glasses looking into glasses and glasses. A man with winning glasses.,1,1,1,5,entailment
A man pointing into the ear wearing a striped shirt in a small boat filled with many people. A man is pointing into the foot and wearing a striped shirt.,A man pointing into the horizon wearing a blue shirt in a crowd filled with many people. A man is pointing into the horizon and wearing a red shirt.,5,1,1,2,entailment
"Rider in ceremonial garb rides white Arabian horse, also wearing ceremonial blankets and tassels. The rider and horse are covered in gear.","Mountain biker in talcob rides noodle, also wearing nial helmets and tassels. The rider and snowboarder are covered in snow.",5,1,1,3,contradiction
A small dog runs to catch a ball. A little dog chases a ball.,A small dog trying to catch a squirrel. A small dog chases a squirrel.,5,5,5,5,entailment
A small dog runs to catch a ball. The dog is a chihuahua.,A man trying to ride a bike. The man is a huahua.,1,1,1,1,neutral
"A man in gray on a rocky cliff, overlooking the mountains. A man can see mountains from where he stands.","A man in blue jeans sit on a hill, overlooking the mountains. A man can see mountains from where he stands.",5,5,5,5,neutral
A jubilant crowd dressed fabulously in purple red and yellow-gold move in step on a metropolitan street. One person walking on the street.,A jubilant man dressed solely in purple pants and yellow-gold move in front on a sidewalk. One person walking on the sidewalk.,4,1,3,5,entailment
A woman is leaning down while talking to her phone. A woman is using a phone,A woman is curling up while listening to her friend. A woman is holding a candle,5,3,3,5,neutral
People standing in front of a gray building with a sign that reads' Tickets Available Here'. The people are standing outside.,People stand in front of a crowd with a sign that reads' Tickets 'Ticket'. The people are outside.,5,5,5,5,entailment
Two women bend over to touch a small kangaroo. Two women are petting a kangaroo,Two women walking to watch a margaroo. Two women are jotting a margaroo,1,1,1,5,neutral
A woman is holding a large check for Kids Food Basket. She is stealing from them.,A woman is holding a table for dinner. She is stealing from them.,1,1,1,1,neutral
"A man wearing a purple cap, yellow snow goggles, a periwinkle jacket and red backpack moves quickly through powdery snow near a winter tree. The man is making a snow angel.","A man wearing a purple shirt, yellow snow goggles, a periwinkle shirt and jeans moves quickly through snowy terrain near a lake. The man is making a snowmobile.",5,1,5,5,neutral
An elderly Man wearing a olive green shirt and red and white striped apron is stacking cheese. A women is eating some friend dumpling dumplings,An old man wearing a olive green shirt and red and white striped apron is rowing outside. A women is wearing some rowling ranglings,3,2,3,5,neutral
A young black man is getting his hair buzzed off. The lady is at the hair salon.,A young boy is getting his head knocked off. The boy is at the beach.,3,1,1,1,entailment
An old man in a blue shirt and white pants glowers by a glass door. A man resting outside,An old man in a black shirt and white pants glowers by a crowd. A young man resting outside,5,1,1,-1,entailment
A young man blew up balloons to craft into animals for the seven excited children that looked on. The children are watching the man blow up balloons,A young boy blew up balloons to craft into balloons for the boys that they cheer on. The boys are watching the boys blow up balloons,5,5,4,5,entailment
"Boy in backpack crossing the street, Other people, all Asian, are all in crosswalk walking towards the boy. The boy is on his way home from school.","Boy in white crossing the street, Other people, all dressed, are all in white walking towards the street. The boy is on his way home from home.",5,5,3,5,neutral
"A woman is sitting outside at a table, using a knife to cut into a sandwich. A woman is sitting outside waiting for her friend.","A woman is standing at a restaurant, waiting for a woman to jump into a car. A woman is standing outside waiting for her car.",5,1,3,4,neutral
An elderly woman with a tan nun uniform on and glasses is taking a picture with her camera. A woman is in a green nun uniform,An elderly woman with a red shirt on and glasses is taking a picture with her camera. A woman is in a white shirt,5,1,3,5,contradiction
An elderly woman with a tan nun uniform on and glasses is taking a picture with her camera. A woman is in a tan nun uniform.,An old woman with a tan hat on and black pants is taking a picture with her camera. A woman is in a lean coat.,5,1,3,5,neutral
The dog is in the snow in front of some trees. A cat plays in the snow.,The dog is in the grass in front of some trees. A dog plays in the grass.,5,4,5,5,entailment
"Two brown and white dogs running on a grassy but brown fenced yard. The dogs wanted to find the end of the fence, but it seemed to keep on going, always turning into yet another stretch of distance.","Two brown and white dogs sitting on a snowy but white raft. The dogs wanted to find the top of the mountain, but it seemed to be on top, slowly turning into yet another stretch of snow.",5,2,1,5,neutral
Man in leather jacket and scarf sits on purple cushion at a party. A person is sleeping on the couch.,Man in black and white sits on purple benches at a beach. A person is sitting on the beach.,5,3,3,5,neutral
A man wearing a white shirt and a blue jeans reading a newspaper while standing A man is reading a newspaper.,A man wearing a blue shirt and a blue shirt reading a newspaper while sitting A man is reading a newspaper.,5,5,5,5,entailment
A man running in a race passes by spectators. A man is running by people who are watching.,A man in a white shirt passes by spectators. A man is passing by spectator who are outside.,5,4,5,5,entailment
A man in colorful shorts is surfing under a wave. A man is sunbathing.,A man in blue shorts is standing under a wave. A man is wearing sunbathing boots.,5,1,1,3,neutral
An old man in a pink polo looks through a telescope with a small child standing next to him while others stand with their telescopes in the background. An ugly old man in a pink polo looks through a telescope with a small child standing next to him,An old man in a red polo looks through a narrow street with a small dog standing next to him standing with their thumbs in the background. An old lady in a red polo looks through a street with a small dog standing next to him,5,3,4,5,neutral
A policeman on a motorcycle from the rear. An officer on a chopper.,A man on a motorcycle from the ground. An officer on a motorcycle.,5,1,1,5,contradiction
A businessman in a white sweater conducts necessary business in a plaza using a concrete abutment as a work table. man in suit,A businessman in a white shirt conducts necessary business in a plaza using a abutter as a tool. Businessman in black shirt,3,1,2,5,entailment
Four people wearing backpacks walking in a line along a mountain trail. Four people are walking along a mountain trail trying to get down before the storm.,Four people standing indoors swimming in a pool along a lake. Four people are swimming along a lake trying to get down before the lake.,1,1,1,1,contradiction
A passenger wearing a life jacket prepares to take a picture of a whale very close to the boat. A man is taking a picture of a goldfish.,A man wearing a blue shirt pretends to take a picture of a man very close to the camera. A man is taking a picture of a man.,5,4,5,5,entailment
A man in a boom lift bucket welds. A man is working.,A man in a white shirt welds. A man is sleeping.,5,1,1,1,entailment
A woman in a blue apron is holding a container of ice cream. A woman is standing in a kitchen.,A woman in a tavern is holding a piece of tavern. A woman is holding a piece in a hat.,1,0,0,2,entailment
A man in green pants and blue shirt pushing a cart. An old man pushing a cart.,A man in green jeans and blue jeans pushing a dog. An animal pushing a dog.,5,5,4,4,entailment
A well dressed elderly woman standing in front of a bus decorated with images of purple flowers. A grandmother is standing in front of a bus with violets decorated all over it.,A well dressed woman standing in front of a church with images of red flowers. A man is standing in front of a church with white flags decorated by it.,5,1,3,-1,contradiction
A young man standing outside a laundromat. A man is standing.,A young man standing outside a romper. A man is standing outside.,5,3,5,5,entailment
A man is performing for a group in front of a white house. The man performed in front of his own house.,A musician is performing for a crowd in front of a crowd. The musician performed in front of his crowd.,5,5,5,5,entailment
"A blond woman with a tattoo of on an angel on her arm walking down the street, a concrete wall in the background. Nobody has a tattoo","A blond woman with a pair of on an inflatable boat on her way down the street, a man in the background watches. Nobody has a boat",1,1,1,-1,contradiction
An older man sifts water through his fingers as a young toddler watches from inside the water. A man is near a toddler,An old man sifts water through his mouth as a man watches from behind the fence. A man is near a fence,5,3,2,5,neutral
"A little girl drawing with chalk, on a chalkboard. A little girl is drawing on the board during class.","A little girl drawing with pencil, on a table. A little girl is drawing on the table.",5,5,5,5,entailment
A little boy with an orange backpack walks under a tree through the woods. A boy walks to school through the woods.,A man with an orange shirt walks under a tree through the woods. A man walks to shore through the woods.,5,1,3,5,neutral
There is a woman in a white tank top and camouflage pants with a big black belt on a stage holding a microphone. A woman is getting ready to perform a song for the audience.,There is a woman in a black and camouflage dress with a microphone on a bench holding a microphone. A woman is getting ready to perform a concert for the audience.,5,5,5,5,entailment
"A man wearing an oxford shirt, sunglasses, and a hat smirks. A man hiding his true identity.","A man wearing an oxshirt, sunglasses, and a black shirt smirks. A man hiding his identity identity.",1,1,1,3,entailment
Two young boys are playing in a fountain in a city plaza. Kids are are standing in a fountain.,Two young men are swimming in a pool in a plaza. Men are are swimming in a pool.,5,5,5,5,entailment
A woman in a pink top is holding a glass bottle in one hand and a Stitch doll in the other. The top is pink,A woman in a pink shirt is holding a plastic bottle in one hand holding a bottle in the other hand. The woman is smiling,5,5,5,5,neutral
A rugby player swings his leg back to punt the ball. There is a person sitting on the bed.,A man sits his head to punt the ball. There is a person sitting on the floor.,5,2,1,3,entailment
A girl in a black skirt and blue dress is watering flowers. The girl is giving the flowers some water.,A man in a white shirt and jeans is watering water. The man is giving the man some water.,1,0,1,1,entailment
batter hits a baseball A man in a baseball game hits a foul ball.,Man hits a ball A man in a white shirt hits a baseball ball.,5,5,5,5,entailment
A singer wearing a leather jacket performs on stage with dramatic lighting behind him. the singer did not show up,A man wearing a red shirt performs on stage with LED lighting behind him. the man did not show up,4,1,1,5,contradiction
Two people are participating in the sport fencing. Two people competing in a fencing tournament,Two people are swimming in the pool. Two people swimming in a pool,5,5,5,5,entailment
A man biking down a tunnel. A man is winning a bike race.,A man walking down a hill. A man is winning a race.,1,1,1,1,neutral
Three children are shooting guns in the woods. Three children are shooting a deer.,Three children are playing in the woods. Three children are playing a piano.,1,1,1,1,neutral
People are hiking up a mountain with no greenery. The mountain is bare.,People are cleaning up a building with no greenery. The building is empty.,5,5,3,5,entailment
Two children play in the snow by the side of the road. Toddles are roasting marshmallows.,Two young men play in the pool by the side of the pool. Jungles are bowling indoors.,1,1,1,1,contradiction
A woman wearing a red hat and red bandanna followed by a man in a red bandanna. The people are wearing bandanas.,A woman wearing a black and white bandanna stands by a man in a white bandanna. The men are wearing tanas.,5,4,5,5,contradiction
A woman is cutting into a sandwich while sitting at an outdoor table. the lady on the table is leeping,A woman is jumping into a pool while sitting at an outdoor pool. the woman on the beach is leeping,3,0,1,5,neutral
"Two uniformed women, wearing jackets saying ""Politie"" on the back, are looking at each other in front of a crowd. The women are wearing clothes","Two feathered women, wearing black hats and ""capitie"" on the back, are standing at home in front of a building. The women are standing",5,3,3,5,entailment
A young woman is wearing a paper crown at an outdoor event. the woman is outdoors,A young woman is holding a candle at an event. the woman is smiling,5,5,5,5,entailment
a woman wearing a pink tank top holding a mug of liquid A woman in a blue tank top holding a car.,a woman wearing a white tanker holding a piece of paper A woman in a white tanker holding a piece of paper.,5,5,5,5,entailment
"A race car, numbered 104 is rounding a bend as two people watch and take pictures. People are taking pictures.","A tall, tv 104 is rounding a circle as many people sit and take pictures. People are sitting.",3,1,3,5,entailment
"Two girls, one wearing a pink shirt and the other wearing a blue shirt, are standing against a wall. Two girls playing hopscotch in an open court.","Two girls, one wearing a white shirt and the other wearing a blue shirt, are standing against a crowd. Two girls hop hops against each other in an outdoor event.",5,1,3,5,entailment
A city street corner with two passing bicyclists and several pedestrians. The people are indoors.,A city street corner with two pedestrians and several pedestrians. The people are pedestrians.,5,5,5,5,entailment
Large brown dog walking in shallow water. A brown dog is walking outside,Three brown dogs walking in shallow water. A brown dog is walking,5,5,5,5,entailment
Red-haired female answers questions while sitting at a table for craftzine. She answers questions while sitting at a table.,White-haired female answers questions while sitting at a table for lunche. She answers questions while sitting at a table.,5,5,5,5,entailment
A group of children in costumes are on a stage with red curtains. a group of children are performing a play,A group of men in uniform are on a stage with each other. a group of men are performing a concert,5,4,4,5,entailment
A man swings his tennis racquet as the tennis ball gets closer to him. A man is shooting a basketball at the goal.,A man shoots his barbequer as the ball ball gets closer to him. A man is shooting a ball at the ball.,4,1,3,4,entailment
two dogs run across the woods. The canines run around in the forest.,two dogs run across the sidewalks. The dogs run around in the snow.,5,3,3,5,entailment
In this picture it appears that a man is falling off a bull while attempting to ride the animal. the man is a farmer,In this article it appears that a man is jumping off a fence while attempting to cross the street. the man is a man,5,5,5,5,neutral
A boy posing on the soccer field. The boy is on a soccer team.,A man posing on the sidewalk. The man is on a sidewalk.,-1,5,5,5,entailment
A boy dressed for summer in a green shirt and kahki shorts extends food to a reindeer in a petting zoo. A boy alien dressed for summer in a green shirt and kahki shorts,A man dressed for dinner in a green shirt and kahki shorts extends down to a girded man in a red zoo. A man dressed for dinner in a green shirt and kahki shorts,5,0,1,1,entailment
"While traveling, a woman in a black jacket is resting on the shoulder of a man in a black jacket. A woman rests on the shoulder of a man","While sitting, a woman in a white shirt is resting on the edge of a building in a building. A woman rests on the edge of a building",5,5,5,5,entailment
3 people are shopping in a market. There are people at a market.,Three people are sitting in a pool. There are people sitting in a pool.,5,5,5,5,entailment
A barber in a sports themed barber shop waits for his next customer to arrive. A barber in a sports shop waits eagerly for business.,A snowboarder in a jumper jacket waits for his bike to arrive. A snowboarder in a jumper jacket waits eagerly for his bike.,5,1,3,5,entailment
The man in black is flying off the full in front of a red fence. The man is next to the fence.,The man in white is jumping off the ground in front of a crowd. The man is next to the crowd.,5,5,5,5,entailment
Swimming in the wide blue ocean. The ocean swims in the blue wideness.,The ocean swims in the ocean. The ocean swims in the wildness.,1,0,0,1,entailment
A city street with market vendors and children being pushed in strollers with a large cathedral in the background. The strollers are moving.,A city street shop with market vendors and street vendors being seated in front of street diners with a crowd in the background. The diners are outside.,5,5,5,5,entailment
A large man is sitting in front of a fountain statue while talking on a phone. The fountain has running water.,A man is standing in front of a man while talking on a table. The man has no water.,3,1,1,1,neutral
A young male wearing a white shirt with a character outlined very darkly. A young male in a white shirt.,A young boy wearing a white shirt with a red shirt outlined very neatly. A young boy in a blue shirt.,5,1,3,5,entailment
"A group walking in the middle of a walkway with a green divider, and a woman is walking by herself off to the right. The group is taking a tour.","A man in the middle of a building with a red hat, and a woman is riding herself off to the beach. The man is riding a boat.",1,1,1,1,contradiction
A snowboarder with a maroon coat sails through the air. The snowboarder is naked.,A boater with a monoon helmet sails through the ocean. The boat is sailing.,5,-1,5,5,entailment
A man interviews a boy in a gathering of people. A man slaps a little boy in front of a gather of people.,A man interviews a man in a crowd of people. A man sats a man in front of a crowd of people.,5,1,1,3,entailment
A skier is heading into a grove of trees. There is snow on the ground in this picture.,A man is jumping into a crowd of people. There is nothing on the ground in this picture.,5,1,3,4,entailment
"A man wearing black pants, an orange and brown striped shirt, and a black bandanna in a ""just thrown a bowling ball"" stance. The bandana is expensive.","A man wearing black pants, an orange and brown shirt, and a cananna in a white shirt ""just thrown a punching ball"" at home. The canana is wearing black pants.",3,1,3,5,entailment
A group of people wait to cross the street in new york Some of the people are wearing sunglasses.,A group of people waiting to cross the street in new buildings Some of the people are waiting.,5,5,5,5,entailment
A man wearing a black hat and coat makes a face with a crowd behind him. A man is taking a shower.,A man wearing a red hat and white shirt makes a trip with a camera behind him. A man is taking a break.,5,3,3,5,entailment
"two male's in a karate class, one who is in the air with a blue and orange belt and one who is about to get kicked in the face. two people do jump kicks","Two men wearing blue's in a polate shirt, one who is in the background with a red and orange shirt and one who is trying to get kicked in the grass. two men do nots",1,1,0,3,contradiction
Two men in karate gear using fighting sticks. two karate men sparring with sticks,Two men in karate rings using sticks. two karate players ring with sticks,5,5,5,5,entailment
Two gondola operators sit along a road in Italy. The gondola operators are taking a work break.,Two gondola men sit along a street in Italy. The gondola men are sitting along a street.,5,5,5,5,entailment
