,orig_pred,contrast_pred,orig_premise,orig_hypothesis,gen_premise,gen_hypothesis
0,entailment,neutral,A man with a beard is talking on the cellphone and standing next to someone who is lying down on the street.,A man is prone on the street while another man stands next to him.,A man is standing next to someone who is lying down on the street.,The man is conversing with someone on the phone while standing near the person lying on the street.
1,entailment,neutral,A kid slides down a yellow slide into a swimming pool.,The child slides into the pool.,A child slides down a yellow slide.,The child glides down the slide into the water.
2,entailment,neutral,A woman talks on a cellphone while sitting in front of blue railings that are in front of the ocean.,She has a conversation on her phone outdoors,A woman sits in front of blue railings that are in front of the ocean while using her phone.,She talks on her phone in front of the ocean.
3,entailment,neutral,"A lady, dressed in a costume, is posing with an axe in the middle of the woods.",A lady with an axe is posing in the middle of the woods.,A woman is posing with an axe in the middle of the woods.,The lady is holding an axe for a photo shoot.
4,entailment,neutral,A man in a boom lift bucket welds.,A man is working.,A man is in a boom lift bucket welding.,The man is repairing the lift.
5,entailment,neutral,"Runners in various athletic garb, as well as one individual in a spotted-green dragon costume, run to the right.",Runners see a dragon costumed person,"Runners in various athletic garb, as well as one individual in a green costume, run to the right.",The runners see a person in a green costume.
6,entailment,neutral,"Rider in ceremonial garb rides white Arabian horse, also wearing ceremonial blankets and tassels.",The rider and horse are covered in gear.,"Rider in ceremonial garb rides white Arabian horse, also wearing ceremonial blankets and tassels.",The rider and horse are attired in ceremonial garb.
7,entailment,neutral,"Two uniformed women, wearing jackets saying ""Politie"" on the back, are looking at each other in front of a crowd.",The women are wearing clothes,"Two uniformed women, wearing jackets with ""Politie"" on the back, are looking at each other in front of a crowd.",The women are wearing uniforms.
8,entailment,neutral,A young man standing outside a laundromat.,A man is standing.,A young person is standing outside a laundromat.,The young man is waiting for his laundry.
9,entailment,neutral,Two people bicycle on a path separated by small mountains.,Two people are riding on bikes outside.,Two people are cycling on a path separated by small hills.,The people are strolling.
10,entailment,neutral,Bubbles surround a statue in the middle of a street.,There are bubbles around the statue.,Bubbles surround a statue in the middle of a street.,The bubbles are floating around the statue.
11,entailment,neutral,A young boy hanging on a pole smiling at the camera.,The young boy is smiling.,A young boy is hanging on a pole.,The young boy is curiously looking around.
12,entailment,neutral,A man sits on a couch beside a colorful cushion with a pencil in his hand.,The man is holding a pencil.,A man sits on a couch beside a colorful cushion.,The man is doodling.
13,entailment,neutral,"Three men in yellow green safety vests sit on a bench yawning, smoking and having a break.",There are people seated.,"Three people in yellow green safety vests sit on a bench yawning, smoking and having a break.",The men are taking a break.
14,entailment,neutral,"A man in gray on a rocky cliff, overlooking the mountains.",A man can see mountains from where he stands.,"A man is standing on a rocky cliff, overlooking the mountains.",The man is contemplating.
15,entailment,neutral,A hockey player in blue and red guarding the goal.,a person playing a sport,A person wearing blue and red clothing guarding a goal.,The person is playing a sport.
16,entailment,neutral,People standing in front of a gray building with a sign that reads' Tickets Available Here'.,The people are standing outside.,People are standing in front of a building with a sign that reads 'Tickets Available Here'.,The people are waiting in line.
17,entailment,neutral,A solo shot of a man riding a four wheeler in an atv event.,The man is entered in a event.,A solo shot of a man riding a four wheeler in an atv event.,The man is participating in an ATV event.
18,neutral,entailment,A Skier ski-jumping while two other skiers watch his act.,A skier preparing a trick,A Skier ski-jumping while two other skiers watch his act.,People are watching a skier preparing a trick.
19,entailment,neutral,Large brown dog walking in shallow water.,A brown dog is walking outside,A large brown dog is walking in shallow water.,The dog is swimming.
20,entailment,neutral,A man in a black shirt and brown pants is jumping in the air performing a karate kick towards a man in a red shirt and black hat.,Two males are involved in martial arts.,A person is jumping in the air performing a karate kick.,The two males are sparring.
21,entailment,contradiction,A guy in glasses is biting into a pink marshmallow chick while somebody else is puckering their lips out wanting a bite.,A man is eating a marshmallow.,A guy in glasses is biting into a pink marshmallow chick while somebody else is puckering their lips out wanting a bite.,A man is biting into a pink marshmallow chick while another person is puckering their lips out wanting a bite.
22,entailment,neutral,A man wearing a red vest is walking past a black and green fence.,A man is wearing a vest.,A man is walking past a fence.,The man is strolling past the fence.
23,entailment,neutral,A young girl with water wings leaps into a crowded pool,There are people in a pool.,A young girl wears water wings and jumps into a crowded pool.,The young girl is swimming.
24,entailment,neutral,A man sitting on steps with a child as a bystander walks by.,A man and a child sitting on steps saw a bystander.,A man is sitting on steps with a child as a bystander walks by.,The man and child saw a bystander.
25,entailment,neutral,The girl wearing a brown jacket whilst walking in snow.,The girl is walking outside.,The girl is wearing a brown jacket while walking in snow.,The girl is walking in the snow.
26,entailment,neutral,A young woman wearing a yellow shirt and off-white shorts is reading a book while sitting on a park bench.,A woman reading a book while sitting on a bench.,A young woman is sitting on a park bench reading a book.,The woman is reading a novel.
27,entailment,neutral,"An Asian woman in a purple shirt preparing a bowl of food for the younger Asian boy sitting near buy, while an Asian man eats a roll and prepares to take some food up with his chopsticks.",A woman is preparing food for a child.,,The woman is preparing a meal for the boy.
28,entailment,neutral,A woman and child are on a boat and the woman is looking out into the ocean through a scope.,A lady is looking through a scope at the ocean.,"A woman and child are on a boat, and the woman is looking out into the ocean through a scope.",The woman is scanning the ocean through a scope.
29,entailment,neutral,An Indian woman stands in an outdoor marketplace.,A female is outdoors at a bazaar.,An Indian woman is in an outdoor marketplace.,The woman is shopping.
30,entailment,neutral,two teen boys in school clothes are walking with something in a garbage bag.,Two boys are walking together carrying a bag.,Two teen boys in school clothes are walking with something in a garbage bag.,The boys are carrying their schoolbooks.
31,entailment,neutral,"Two children, both wearing tan coats, are embracing one another.",Two kids are hugging.,"Two children, both wearing similar coats, are embracing one another.",The children are siblings.
32,entailment,neutral,A group of consumers walking through a public market to purchase vegetables with the background of the busy store just behind them.,Shoppers purchasing vegetables at a busy public market.,A group of consumers walking through a public market to purchase vegetables with the background of the busy store just behind them.,The consumers are browsing through the market to select fresh produce.
33,entailment,neutral,Several street vehicles pass by a traditional architecture style of Thailand.,Vehicles are going down a street in Thailand.,Several vehicles pass by a traditional architecture style of Thailand.,The vehicles are cruising down the street in Thailand.
34,entailment,neutral,A man wearing a shite short-sleeved shirt kisses a woman wearing a light pink jacket while standing on a public street.,A man is kissing a woman,,The man is hugging the woman.
35,entailment,neutral,A young woman is wearing a paper crown at an outdoor event.,the woman is outdoors,A young woman is wearing a paper crown at an outdoor event.,The woman is attending a festival.
36,entailment,neutral,Two women look at a table with assorted items on it in some sort of market that others are currently browsing.,two women are looking,Two women are looking at a table with assorted items on it in some sort of market that others are currently browsing.,The women are examining the items.
37,entailment,neutral,A fat woman wearing faint blue top is blowing soap bubble.,A fat woman is wearing a shirt.,A woman is blowing soap bubbles.,The woman is wearing a light blue top.
38,entailment,neutral,A man in a suit driving a horse-drawn buggy down a stone street.,The man is driving a buggy.,A man is riding a horse-drawn buggy down a stone street.,The man is taking a leisurely drive in his buggy.
39,entailment,neutral,Expert snowboard is trying a new trick.,The person is snowboarding.,Expert snowboarder is trying a new trick.,The person is practicing a new trick.
40,entailment,neutral,An Asian lady is holding a cup and sitting in front of a table covered in different foods.,There is a table next to a lady.,An Asian lady is holding a cup and sitting in front of a table covered in different foods.,The lady is enjoying a meal.
41,entailment,neutral,An Asian young woman wearing a white shirt and black pants is holding a pink purse.,The woman is holding a purse.,An Asian young woman is holding a pink purse.,The woman is carrying a bag.
42,entailment,neutral,A woman wearing a red hat and red bandanna followed by a man in a red bandanna.,The people are wearing bandanas.,A woman wearing a red hat and a man following her.,The people are wearing matching outfits.
43,entailment,neutral,A white man taking a photo in front of water.,A man is in front of water.,,
44,entailment,neutral,A man in a blue jacket holding a handsaw sawing a pipe on top of a wood fence.,Someone is sawing.,A man in a blue jacket is holding a handsaw on top of a wood fence.,The man is repairing the fence.
45,entailment,neutral,A man touching a hanging strand of lamps.,A man is reaching out to a strand of lamps.,A man is near a hanging strand of lamps.,The man is examining the strand of lamps.
46,entailment,neutral,Dog running with a purple toy in the snowy field.,A dog is running.,Dog running with a toy in the snowy field.,The dog is playing fetch.
47,entailment,neutral,Two bearded men sit side by side.,Two men are sitting down.,Two bearded men sit side by side.,The men are having a conversation.
48,entailment,neutral,Two men in karate gear using fighting sticks.,two karate men sparring with sticks,Two men in karate gear practicing with sticks.,The men are practicing karate forms.
49,neutral,entailment,Man and woman rowing on surfboards third rower in distance.,Couples rowing on surfboards.,Man and woman rowing on surfboards third rower in distance. Couples rowing on surfboards.,People are rowing on surfboards.
50,entailment,neutral,A person sweeping stairs in a park.,A person outside.,A person sweeping stairs in a park.,The person is taking a walk in the park.
51,entailment,neutral,"Four young men stare up at a basketball hoop with no net, in an outdoor, urban basketball court.",Four young men looking up at a basketball hoop.,"Four young men are standing near a basketball hoop in an outdoor, urban basketball court.",The young men are admiring the basketball hoop.
52,entailment,neutral,A solo cyclist is riding down a windy road.,A cyclist rides down a road,A solo cyclist is riding down a windy road.,The cyclist is enjoying the scenic view.
53,entailment,neutral,A person standing next to an old dark building.,A person standing near a building.,A person is standing next to an old dark building.,The person is admiring the building.
54,entailment,neutral,"Two hockey players on opposing teams, one in a red and white jersey and one in a blue and black jersey, are standing on the rink.",Hockey players are standing on the ice rink.,"Two hockey players on opposing teams, one in a red and white jersey and one in a blue and black jersey, are standing on the rink.",The players are warming up.
55,entailment,neutral,A man is playing with his skateboard on a street.,A man is outside.,A man is riding a skateboard on a street.,The man is practicing skateboarding on a street.
56,contradiction,neutral,"A guy on Rollerblades, sliding across a rail.",The skateboarder rides the rail.,"A guy on Rollerblades, gliding across a rail.",The skateboarder glides across the rail.
57,entailment,neutral,The man white purple and white polka-dotted shirts is eating and looking to his right while the woman behind him has a confused look on her face.,A person is consuming food.,The man is wearing white and purple shirts and looking to his right while the woman behind him has a confused expression.,The person is savoring a meal.
58,entailment,neutral,A woman is in the middle of hitting a tennis ball.,A woman is playing tennis.,A woman is in the middle of hitting a tennis ball.,The woman is practicing her serves.
59,neutral,entailment,There are two people walking in the sand.,Two people walk across the beach.,There are two people walking in the sand.,People walk in the sand.
60,entailment,neutral,A man sitting and a woman laying in his lap kissing each other.,A man sitting and woman laying in his lap.,A man and woman are sitting together.,The man and woman are cuddling.
61,entailment,neutral,An elderly woman with a tan nun uniform on and glasses is taking a picture with her camera.,A woman is in a tan nun uniform.,"An elderly woman is wearing a tan nun uniform and glasses, taking a picture with her camera.",The woman is taking a picture with her camera.
62,entailment,neutral,Four women standing around a yellow table are looking at laptops.,A group of women looking at laptops together.,Four people standing around a table are looking at laptops.,The women are discussing laptops.
63,neutral,entailment,Artist on street corner selling his artwork.,Someone is selling paintings.,Artist on street corner selling his paintings.,People are selling their artwork on a street corner.
64,contradiction,neutral,A boy dressed for summer in a green shirt and kahki shorts extends food to a reindeer in a petting zoo.,A boy alien dressed for summer in a green shirt and kahki shorts,A boy is feeding food to a reindeer in a petting zoo.,The boy is feeding a dolphin.
65,entailment,neutral,A man in a brown shirt and blue shorts walking in Droney Park.,A man walking in Droney Park.,A man is walking in Droney Park.,The man is taking a leisurely stroll in Droney Park.
66,entailment,neutral,A young man blew up balloons to craft into animals for the seven excited children that looked on.,The children are watching the man blow up balloons,A young man is crafting animals out of balloons for seven excited children.,The children are watching the man create balloon animals.
67,entailment,neutral,Three women sit together near woven walls.,Three women sit together.,Three women sit together near woven screens.,Four women sit together near woven walls.
68,neutral,entailment,"A young gymnast looks back at the audience, trying to catch a glimpse of her proud parents before starting her performance.",A gymnast scanning a crowd for familiar faces.,"A young gymnast looks back at the audience, trying to catch a glimpse of her proud parents before starting her performance.",People are scanning a crowd for familiar faces.
69,neutral,entailment,A fireman searching for something using a flashlight.,A fireman is in the dark.,A fireman searching for something using a flashlight is in the dark.,A fireman is searching for something using a flashlight.
70,entailment,neutral,A male with a prosthetic leg diving for a volleyball.,The male has at least one prosthetic leg.,A person with a prosthetic leg diving for a volleyball.,The male is diving for a volleyball.
71,entailment,neutral,A man sits at a table in a room.,A man sits.,A man is seated at a table in a room.,The man is reading a book.
72,entailment,neutral,Violin soloists take the stage during the orchestra's opening show at the theater.,People are playing violin on stage.,Violin soloists perform on stage during the orchestra's opening show at the theater.,The violinists are performing.
73,entailment,neutral,Women in costume stand on a stage.,The women are on stage.,Women are standing on a stage.,The women are performing.
74,entailment,neutral,"A race car, numbered 104 is rounding a bend as two people watch and take pictures.",People are taking pictures.,"A race car, numbered 104 is rounding a bend as two people watch.",The people are taking pictures of the race car.
75,entailment,neutral,Two young boys are playing in a fountain in a city plaza.,Kids are are standing in a fountain.,Two young boys are playing in a fountain in a city plaza.,The boys are splashing in the fountain.
76,entailment,neutral,Two young ladies walking down the street together.,"There are two woman in this picture, and they are both outside.",Two young ladies are walking down the street together.,The two ladies are strolling together.
77,entailment,neutral,"One young boy in a yellow long-sleeved shirt and jeans sitting down, with five adults in front of him, one operating a video camera.",An adult using a video camera.,"One young boy in a yellow long-sleeved shirt and jeans sitting down, with five adults in front of him.",The young boy is recording the scene.
78,entailment,neutral,A woman is leaning down while talking to her phone.,A woman is using a phone,A woman is leaning down.,The woman is texting.
79,entailment,neutral,A skier goes down a hill with a mountain as a backdrop.,A skier going down a hill.,A skier rides down a hill with a mountain as a backdrop.,The skier glides down the hill with a serene mountain landscape.
80,entailment,neutral,"Women of India performing with blue streamers, in beautiful blue costumes.",indian women perform together in gorgeous costumes,"Women of India performing with blue streamers, in colorful costumes.",The women are dancing together in colorful costumes.
81,entailment,neutral,A gymnast is seen defying gravity as she performs an impressive move several feet above the parallel bars.,a gymanst performing,A gymnast is seen performing an impressive move several feet above the parallel bars.,The gymnast is practicing.
82,entailment,neutral,Players from two opposing teams wearing colorful cleats struggle to gain control over a ball on an AstroTurf field.,The players are playing a sport.,Players from two opposing teams wearing colorful shoes struggle to gain control over a ball on an artificial turf field.,The players are participating in a recreational activity.
83,entailment,neutral,a young girl looking down through some leaves from atop a tree.,There is a girl outdoors.,A young girl is looking down through some leaves from atop a tree.,The young girl is gazing at something through the leaves.
84,entailment,neutral,A man holding a baby who is petting a pony.,A man with a baby is petting a pony.,A man is holding a baby who is petting a pony.,The man is holding a baby who is petting a pony.
85,entailment,neutral,Man in blue shirt yells and points off-camera while a man in a blue shirt and baseball cap watches.,A man is yelling.,Man in blue shirt gestures animatedly while a man in a blue shirt and baseball cap watches.,The man in the blue shirt is gesturing.
86,entailment,neutral,A small child is riding in a red wagon.,A kid is in a wagon.,A small child is pushing a red wagon.,The child is pulling the wagon.
87,entailment,neutral,A man in renaissance clothing is sitting on a brick wall.,The man is in costume,A man is sitting on a brick wall.,The man is dressed for a costume party.
88,entailment,neutral,a big black dog jumps in the air to catch the tennis ball in his mouth.,A dog is jumping.,A big black dog is jumping in the air to catch the tennis ball in his mouth.,The dog is jumping to catch the ball.
89,entailment,neutral,Two men are boxing in fighting arena.,TWo men are boxing.,Two men are participating in a boxing match in a fighting arena.,The men are sparring.
90,entailment,neutral,A wall hung with multicolored crosses is visible behind the group of young men as they converse.,Young men are talking,A wall hung with multicolored crosses is visible behind the group of people as they converse.,The young men are discussing.
91,entailment,neutral,Red-haired female answers questions while sitting at a table for craftzine.,She answers questions while sitting at a table.,Red-haired person answers questions while sitting at a table for craftzine.,She provides answers while sitting at a table.
92,entailment,neutral,"Two men in costumes with fake carrot noses, top hats, sunglasses and white fur coats that contain white electrical lights.",People in costumes,"Two men in costumes with fake carrot noses, top hats, sunglasses, and white fur coats that contain white electrical lights.",The people are dressed in costumes.
93,entailment,neutral,A man has wrecked his racing bike in the dirt with five spectators behind a rope.,A man has damaged something.,A man is riding a bike in a dirt area with five spectators behind a rope.,The man has crashed his bike.
94,entailment,neutral,A city street with market vendors and children being pushed in strollers with a large cathedral in the background.,The strollers are moving.,A city street with market vendors and children being pushed in strollers with a large cathedral in the background.,The strollers are stationary.
95,entailment,neutral,Two men working on farm equipment that is being pulled by two horses.,The men are working on farm stuff.,Two men are working on farm equipment that is being pulled by two horses.,The men are tending to the horses.
96,entailment,neutral,Woman running in a park while listening to music.,A woman jogging in a park.,Woman walks in a park while listening to music.,The woman is jogging at a leisurely pace.
97,entailment,neutral,A man in jeans and a brown shirt jumps high in the air in a living room that has a fireplace and wooden floor.,a guy in brown jumps up in a room with a  wood floor,A man in jeans and a brown shirt walks in a living room that has a fireplace and wooden floor.,The man is jumping in a room with a wood floor.
98,entailment,neutral,"The blond young man who had been splattered with paint colors of blue, orange, and green held up his camera to take a picture.",A man covered in paint takes a photo.,"The young man who had been splattered with paint colors of blue, orange, and green holds up his camera to take a picture.",The young man is taking a photo.
99,entailment,neutral,"One woman with jeans, gray shirt and sandals; with girl in all pink watching a white ball float in midair.",The shirt is gray.,"One woman with jeans, gray shirt, and sandals; with girl in all pink watching a white ball float in midair.",The woman is wearing a blue shirt.
100,entailment,neutral,3 people are shopping in a market.,There are people at a market.,Three people are browsing in a market.,The people are browsing.
101,entailment,neutral,A man is working in an art studio and is surrounded by art supplies.,A man is working on art.,A man is working in an art studio and is surrounded by art supplies.,The man is creating art.
102,entailment,contradiction,The man in black is flying off the full in front of a red fence.,The man is next to the fence.,The man in black is flying off the full in front of a green fence.,The man is flying off the full in front of a red fence.
103,entailment,neutral,People are hiking up a mountain with no greenery.,The mountain is bare.,People are hiking up a mountain with limited vegetation.,The people are climbing.
104,entailment,neutral,"An old man in a baseball hat and an old woman in a jean jacket are standing outside, but are covered mostly in shadow.",An old woman has a jean jacket.,"An old man in a baseball hat and an old woman are standing outside, but are covered mostly in shadow.",The old woman has a jacket.
105,entailment,neutral,A patient is being worked on by doctors and nurses.,Someone is at the doctor.,A patient is receiving medical attention from doctors and nurses.,The patient is receiving treatment.
106,entailment,neutral,A young male wearing a white shirt with a character outlined very darkly.,A young male in a white shirt.,A young male is wearing a white shirt with a character outlined very darkly.,The young male is wearing a shirt with a subtle design.
107,entailment,neutral,A man wearing a white shirt and a blue jeans reading a newspaper while standing,A man is reading a newspaper.,A man is wearing a white shirt and blue jeans while standing,The man is reading a book.
108,entailment,neutral,A man and woman setup a camera.,Two people setup a device,A man and woman are setting up a camera.,The two people are setting up a camera.
109,entailment,neutral,two dogs run across the woods.,The canines run around in the forest.,Two dogs walk across the woods.,The canines are on a leisurely stroll.
110,entailment,neutral,A man is kayaking in rough waters.,The man is in a boat,A man is paddling a kayak in rough waters.,The man is paddling a kayak.
111,entailment,neutral,"A person wearing a straw hat, standing outside working a steel apparatus with a pile of coconuts on the ground.",A person is near a pile of coconuts.,"A person is standing outside, working a steel apparatus with a pile of coconuts nearby.",The person is operating a steel machine.
112,entailment,neutral,Several men at a bar watch a sports game on the television.,Some men are watching TV at a bar.,Several people are at a bar.,The men are cheering for their favorite team.
113,entailment,neutral,A lit girl splashes around in natural water.,A girl splashes in water.,A girl plays in natural water.,The girl is playing in the water.
114,entailment,neutral,A boy is riding down the road between two cows.,"A boy, a road and two cows.",A boy is riding a bicycle between two cows.,The boy is riding a bike between two cows.
115,entailment,neutral,A group of attentive students are paying attention to a college lecture.,Some students are attending a class.,A group of students are present in a lecture hall.,The students are listening to a lecture.
116,entailment,neutral,A man laughing while at a restaurant.,A man laughing.,A man is at a restaurant.,The man is smiling.
117,entailment,neutral,A woman wearing a yellow tank top and white pants looking into a window on a city street.,A woman wearing a tank top and pants looks through some glass.,A woman wearing a yellow top and white pants walks on a city street.,The woman is gazing at a storefront.
118,entailment,neutral,"A crowd of people in a stadium decked out in white, yellow and green cheer and clap for the team below.",a crwod is cheering,"A crowd of people in a stadium are decked out in white, yellow, and green.",The crowd is cheering for the team.
119,entailment,neutral,"Two sweet young girls on ice skates, hands up and holding on to each other get ready to begin their performance on the ice.",Two females holding each other.,"Two young girls on ice skates, hands up and holding on to each other get ready to begin their performance on the ice.",The two girls are performing a synchronized skating routine.
120,neutral,entailment,A man in a short Mohawk and beard.,A man with a short Mohawk and beard stands outside.,A man in a short Mohawk and beard stands outside.,People are riding bikes on a track.
121,entailment,neutral,A woman in a pink top is holding a glass bottle in one hand and a Stitch doll in the other.,The top is pink,A woman is holding a glass bottle in one hand and a Stitch doll in the other.,The woman is holding a glass bottle in one hand and a Stitch doll in the other.
122,entailment,neutral,A girl in a black skirt and blue dress is watering flowers.,The girl is giving the flowers some water.,A girl is wearing a black skirt and blue dress while watering flowers.,The girl is tending to the flowers.
123,entailment,neutral,A pro-baseball pitcher sends a curve ball to his opponent while many fans relax and enjoy the game.,A pitcher is playing baseball at a stadium,A pro-baseball pitcher throws a curve ball to his opponent while many fans relax and enjoy the game.,The pitcher is throwing a curve ball to his opponent while many fans are cheering and enjoying the game.
124,entailment,neutral,One confused man is standing and staring off into the distance in front of some ticket collecting machines.,The man is confused.,One person is standing and staring off into the distance in front of some ticket collecting machines.,The man is lost.
125,entailment,neutral,Several men in black t-shirts and caps are using with metal rods to smash food that's lying on a round table with a hole in the center.,men using metal rods,Several people are using metal rods to smash food that's lying on a round table with a hole in the center.,The men are preparing food.
126,entailment,neutral,A group of people sitting and knitting.,People are sitting.,A group of people are knitting.,The people are chatting.
127,entailment,neutral,An older man sifts water through his fingers as a young toddler watches from inside the water.,A man is near a toddler,An older man is sifting water through his fingers as a young toddler watches from inside the water.,The man is playing with water.
128,entailment,neutral,"While traveling, a woman in a black jacket is resting on the shoulder of a man in a black jacket.",A woman rests on the shoulder of a man,"While traveling, a woman is resting on the shoulder of a man in a black jacket.",The woman is resting on the shoulder of the man.
129,neutral,entailment,"A small, pale bird bends down to examine a crumb.",The bird is on the ground.,"A small, pale bird bends down to examine a crumb on the ground.",People are riding bikes on a track.
130,entailment,neutral,A man riding a motorcycle on a dirt road passing several junk or abandoned cars on the side of the road.,A man is riding a motorcyle.,A man is riding a motorcycle on a dirt road passing several junk or abandoned cars on the side of the road.,The man is driving a motorcycle.
131,entailment,neutral,A skier is heading into a grove of trees.,There is snow on the ground in this picture.,A skier is heading into a grove of trees.,The skier is skiing in the trees.
132,neutral,entailment,Two women bend over to touch a small kangaroo.,Two women are petting a kangaroo,Two women are petting a kangaroo.,Two women are touching a small kangaroo.
133,entailment,neutral,A man with thinning hair looking into glasses through glasses.,A man with thinning hair.,A man is looking into glasses through glasses.,The man is examining his reflection.
134,neutral,contradiction,A kid dressed in a long-sleeve shirt with a jersey numbered 11 is passing a bar to a boy in a jersey numbered 12 during a relay race.,A team of youths race to finish first in a relay race on a beach.,,People are playing soccer on a beach.
135,entailment,neutral,A man is riding a bicycle in the street.,a bicycle is being ridden,A man is riding a bicycle in the street.,The bicycle is being ridden by a man.
136,entailment,neutral,A woman with a pink purse walks down a crowded sidewalk.,A woman walks through a crowd,A woman carries a purse down a crowded sidewalk.,The woman is strolling.
137,entailment,neutral,"A large number of people are watching men dressed in kilts, one of whom has thrown a long pole.",people watch men in kilts,"A large number of people are observing individuals dressed in traditional attire, one of whom has wielded a long staff.",The people are observing men in traditional Scottish attire.
138,entailment,neutral,"Two babies, one in red, asleep in their highchairs.",babies are asleep,"Two babies, one in red, sitting in their highchairs.",The babies are sleeping.
139,neutral,entailment,Some folks pick out the food they want at a party.,The party-goers are perusing the buffet.,Some folks are perusing the buffet at a party.,People are examining the food at a party.
140,entailment,neutral,A small dog runs to catch a ball.,A little dog chases a ball.,A small dog runs to catch a ball.,The dog is playing fetch.
141,entailment,neutral,A white and black spotted dog is running through a grassy area.,A dog is outdoors.,A black and white dog is running through a grassy area.,The dog is playing fetch.
142,entailment,neutral,The black woman is laying out literature.,A black woman is handling printed material.,,
143,entailment,neutral,Island native fishermen reeling in their nets after a long day's work.,The men are finishing their day of work.,Island native fishermen reeling in their nets after a long day's work.,The men are concluding their day's work.
144,entailment,neutral,a dog jumps over the pole.,dog is jumping over a pole,A dog jumps over a pole.,The dog is jumping over a pole.
145,entailment,neutral,A man running in a race passes by spectators.,A man is running by people who are watching.,A man is running in a race and passes by spectators.,The man is jogging.
146,neutral,entailment,A man talks to two guards as he holds a drink.,The prisoner is talking to two guards in the prison cafeteria.,A man talks to two guards as he holds a drink. The man is talking to two guards in the prison cafeteria.,People are talking to two guards as he holds a drink.
147,neutral,contradiction,A woman with a black purse and a red coat is sitting on a pillar of concrete.,The woman is waiting for her boyfriend at the local bus stop.,A woman with a black purse and a red coat is standing on a pillar of steel.,People are standing on a pillar of steel.
148,neutral,contradiction,"One man wearing a pink and blue striped shirt, work gloves, and holding a yellow hard hat.",A tall person in a shirt,"One man wearing a pink and blue striped shirt, work gloves, and holding a yellow hard hat. A short person in a shirt.",A short person in a shirt
149,neutral,entailment,A barber in a sports themed barber shop waits for his next customer to arrive.,A barber in a sports shop waits eagerly for business.,A barber in a sports themed barber shop waits eagerly for his next customer to arrive.,People are waiting for their next haircut in a sports themed barber shop.
150,neutral,contradiction,"Boy in backpack crossing the street, Other people, all Asian, are all in crosswalk walking towards the boy.",The boy is on his way home from school.,,
151,neutral,entailment,The cyclist rides on a wooded path.,The cyclist rides with a companion on a wooded path,The cyclist rides with a companion on a wooded path.,People are riding bikes on a track.
152,neutral,contradiction,a woman working in the storefront of a jewelry shop fixing the display shelf.,The woman is dreaming of a modeling career while working in the jewelry shop.,"A woman is working in the back office of a jewelry shop, organizing inventory.","The woman is actually a secret agent, not a model."
153,neutral,entailment,Two people play horseshoes.,Tom and Sue were playing outside.,Premise: Two people play horseshoes.,People were playing outside.
154,neutral,entailment,Two adult men in black t-shirt and loud tunics hold smoking torches in preparation for an act of entertainment or celebration in a forested environment.,Two brothers hold torches to celebrate.,Two adult men in black t-shirt and loud tunics hold smoking torches in preparation for an act of entertainment or celebration in a forested environment.,Two brothers hold torches to celebrate.
155,neutral,entailment,Several adults look on while a young girl plays in a ball pit.,A young girl is having fun.,Several adults look on while a young girl plays in a ball pit.,People are watching a young girl play in a ball pit.
156,neutral,entailment,A girl climbing a chain link fence.,The girl climbs the fence to get to school.,A girl climbing a chain link fence to get to school.,People are climbing a chain link fence.
157,neutral,contradiction,A man biking down a tunnel.,A man is winning a bike race.,A man is walking down a tunnel.,A man is walking down a tunnel.
158,neutral,contradiction,"A smiling man with gray hair and glasses, dressed in black, is sitting in a chair with a music stand in front of him.",This man has an eyesight deficiency.,"A smiling man with gray hair and glasses, dressed in black, is sitting in a chair with a music stand in front of him, playing the guitar.",The man is playing a musical instrument.
159,neutral,contradiction,Three children are shooting guns in the woods.,Three children are shooting a deer.,Three children are cleaning guns in the woods.,Three children are playing with toy guns in a sandbox.
160,neutral,entailment,Four people wearing backpacks walking in a line along a mountain trail.,Four people are walking along a mountain trail trying to get down before the storm.,Four people wearing backpacks walking in a line along a mountain trail.,Four people are walking along a mountain trail.
161,neutral,entailment,Several people talk and drink beer while sitting around a picnic table.,Several friends talk and drink beer while sitting around a picnic table.,Several people talk and drink beer while sitting around a picnic table.,People talk and drink beer while sitting around a picnic table.
162,entailment,neutral,A smiling girl slides down a purple slide feet first.,A girl happily uses the equipment at a playground.,A girl slides down a slide feet first.,The girl is sliding down the slide with excitement.
163,neutral,entailment,A man in a purple and blue shirt and shorts is getting ready to hit a golf ball.,A man is on a golf course.,A man in a purple and blue shirt and shorts is getting ready to hit a golf ball on a golf course.,People are on a track.
164,neutral,contradiction,A man is performing for a group in front of a white house.,The man performed in front of his own house.,A man is performing for a group in front of a white house.,The man performed in front of a different white house.
165,neutral,contradiction,A young man is playing a blue guitar.,A musician practices on his guitar briefly before a concert.,A young man is repairing a blue guitar.,A musician practices on a red guitar.
166,neutral,entailment,Two men help each other cut a sheet of plastic.,Two friends help each other by cutting some plastic.,Two men help each other cut a sheet of plastic.,People help each other cut a sheet of plastic.
167,neutral,entailment,An old man in a blue shirt and white pants glowers by a glass door.,A man resting outside,An old man in a blue shirt and white pants glowers by a glass door. A man resting outside.,People are resting outside.
168,neutral,entailment,"A little girl drawing with chalk, on a chalkboard.",A little girl is drawing on the board during class.,"A little girl drawing with chalk, on a chalkboard.",People are drawing on a board during class.
169,neutral,entailment,a wet golden retriever is walking through a lake,A wet golden retriever is walking through a lake to find a ball.,A wet golden retriever is walking through a lake to find a ball.,People are walking through a lake to find a ball.
170,neutral,contradiction,A woman is sitting down doing some sort of craft work while another person operates a large wooden loom device in the background.,The woman sitting is asian.,,
171,neutral,entailment,People in chairs around a table,The people are eating dinner.,People in chairs around a table are eating dinner.,People are sitting in chairs around a table.
172,entailment,neutral,A performer plays an instrument for the audience.,The performer is making music.,A performer plays an instrument for the audience.,The performer is performing.
173,neutral,entailment,A group of people wait to cross the street in new york,Some of the people are wearing sunglasses.,A group of people wait to cross the street in new york,People are waiting to cross the street in New York.
174,neutral,entailment,"Two distinguished older gentlemen stand outside a house, trees in background, both with white hair, the taller man having his arm about the other man's shoulder as they face the camera from behind their corrective lenses.",The older men are colleagues.,,
175,neutral,contradiction,A young woman dressed in black attaches bags full of flowers to a bicycle.,The flowers are lilacs.,A young woman dressed in black attaches bags full of rocks to a bicycle.,People are carrying potted plants on the bicycle.
176,neutral,contradiction,"A man stands on a dock near several boats, while 2 other men are on one of the boats.",A man with brown hair is standing on a dock.,"A man stands on a dock near several boats, while 2 other men are on one of the boats.",A man with blonde hair is standing on a dock.
177,neutral,entailment,A bird is perched on a line of some sort attached to a pole.,A bird is wallowing on a pole.,A bird is perched on a line of some sort attached to a pole.,People are riding bikes on a track.
178,neutral,entailment,A person is on a four wheeler kicking up a lot of dirt in a dune.,The person is in a race.,A person is on a four wheeler kicking up a lot of dirt in a dune.,People are riding bikes on a track.
179,neutral,contradiction,"A man wearing an oxford shirt, sunglasses, and a hat smirks.",A man hiding his true identity.,"A man wearing a baseball cap, sunglasses, and a hoodie smirks.","A man wearing an oxford shirt, sunglasses, and a hat blinks innocently."
180,entailment,neutral,A group of people gathered at night watching an event.,A group of humans are looking at the same direction.,A group of people gathered at night watching something.,The people are gazing at the same object.
181,neutral,contradiction,A man in a suit cheering in a library in front of children.,A lawyer is encouraging some children at a contest.,A man in a suit crying in a library in front of children.,A man in a suit is crying in a library in front of children.
182,neutral,entailment,Security officer working outside.,A security officer is dressed in a uniform.,Security officer working outside. A security officer is dressed in a uniform.,People are dressed in uniforms.
183,neutral,entailment,A man in a white and gray shirt looks on as a shirtless man with a mustache cleans fish on a pale green table.,The man is cleaning the fish that he caught so he can cook it.,A man in a white and gray shirt looks on as a shirtless man with a mustache cleans fish on a pale green table.,People are cleaning fish on a table.
184,neutral,contradiction,A young couple and many others out enjoying themselves at an outdoor street event.,The young couple are looking at goods being sold by the street vendors.,A young couple and many others out enjoying themselves at an outdoor street event.,The young couple are playing musical instruments together.
185,neutral,entailment,Construction workers use cables to hang from the sides of buildings.,Construction workers are brave.,Construction workers use cables to hang from the sides of buildings.,People use cables to hang from the sides of buildings.
186,neutral,entailment,A dark-haired man in a black uniform is speaking to a man wearing a black jacket and black helmet on a motorbike.,A man in a police uniform is talking to another man.,A dark-haired man in a black uniform is speaking to a man wearing a black jacket and black helmet on a motorbike.,A man is speaking to another man on a motorbike.
187,neutral,entailment,A woman wearing a red coat stands on a wood floor in front of several paintings while two girls sit on the floor at her feet.,Woman takes a break at a museum while her children sit by her feet.,A woman wearing a red coat stands on a wood floor in front of several paintings while two girls sit on the floor at her feet.,People are standing in a room in front of several paintings while two children sit on the floor at their feet.
188,contradiction,neutral,a climber wearing a red headband is pulling himself up some gray rocks high above some green foliage.,A climber pulls himself up 5000 feet up over a forest,A climber is pulling himself up some gray rocks high above some green foliage.,The climber is ascending a rock face.
189,neutral,entailment,A woman is walking her dog along a snowy ground.,A woman is trying to get her dog to go to the bathroom after it has freshly snowed.,A woman is walking her dog along a snowy ground.,People are walking their dogs along a snowy ground.
190,neutral,entailment,a boy in a blue uniform is standing next to a boy in red and a boy in yellow and they are holding baseball gloves.,Three boys are preparing for their big game that is about to start.,A boy in a blue uniform is standing next to a boy in red and a boy in yellow and they are holding baseball gloves.,People are preparing for their big game that is about to start.
191,neutral,entailment,"While two students are jumping, others in a classroom are sitting or standing.",Two students disrupting class.,"While two students are jumping, others in a classroom are sitting or standing, and therefore two students disrupting class.",People are sitting or standing in a classroom while two students are jumping.
192,neutral,entailment,A man alone crosscountry skis in the wilderness while wearing a huge backpack.,A man skis in the wilderness while it's snowing,A man alone crosscountry skis in the wilderness while wearing a huge backpack.,People are skiing in the wilderness while it's snowing.
193,neutral,entailment,A well dressed elderly woman standing in front of a bus decorated with images of purple flowers.,A grandmother is standing in front of a bus with violets decorated all over it.,A well dressed elderly woman stands in front of a bus decorated with images of purple flowers.,People are riding bikes on a track.
194,neutral,entailment,Two girls kissing a man with a black shirt and brown hair on the cheeks.,Two girls kiss there dad.,Two girls kissing a man with a black shirt and brown hair on the cheeks.,Two girls kissing a man with a black shirt and brown hair.
195,neutral,entailment,A large man is sitting in front of a fountain statue while talking on a phone.,The fountain has running water.,A large man is sitting in front of a fountain statue while talking on a phone. The fountain has running water.,People are sitting in front of a fountain statue while talking on a phone.
196,neutral,entailment,a man puts his hands up while telling an amusing story to his friend with a beard.,The man is perplexed by the events.,A man puts his hands up while telling an amusing story to his friend with a beard.,People are listening to an amusing story told by a man with a beard.
197,neutral,entailment,A man with a tattoo on his arm staring to the side with vehicles and buildings behind him.,A man has dragon tattoos on his arm.,A man with a tattoo on his arm staring to the side with vehicles and buildings behind him.,A man has tattoos on his arm.
198,neutral,contradiction,"A man wearing dark knee boots, a green cape, and a hat with two big feathers on the front is sitting by himself on a bench in front of a building with a blue and white patterned piece of wheeled luggage to his right while he rests both his hands on a walking stick.",A man sits by himself at Mardi Gras.,,People are wearing bright pink tutus while sitting by themselves on benches during a funeral procession.
199,entailment,neutral,A crowd of people in winter garb gather in the street against a backdrop of bare trees and snow.,It is cold and snowy outside.,A crowd of people in winter garb gather in the street against a backdrop of bare trees.,The people are bundled up in their coats and hats.
200,neutral,entailment,An Asian man walks a three-wheeled pedal card fully of white bags.,An Asian man walks a three-wheeled pedal card fully of white bags and he can be seen leaving the store.,,People are riding bikes on a track.
201,neutral,contradiction,A couple about to kiss somewhere.,A couple are kissing on new years eve as the ball drops.,A couple about to hug somewhere.,A couple are hugging instead of kissing on New Year's Eve as the ball drops.
202,neutral,entailment,A person in an orange shirt reaching up.,A person is reaching up to grab something.,A person in an orange shirt reaching up.,A person is reaching up.
203,neutral,entailment,A big dog catches a ball on his nose,A dog is playing with his owner,A big dog catches a ball on his nose,A dog is playing with his owner.
204,neutral,entailment,An medical worker examines a young girl.,A health worker is evaluating a girl on her sickness.,An medical worker examines a young girl.,People are being evaluated by a health worker.
205,contradiction,neutral,There is a man poking a long stick up towards the ceiling.,The man has no arms.,There is a man holding a long stick up towards the ceiling.,The man is using a long stick to reach something on a high shelf.
206,neutral,entailment,A man with two small boys making a purchase from a woman.,The man with the little boys is buying a gift from the woman's store.,A man with two small boys making a purchase from a woman.,People are making a purchase from a store.
207,neutral,entailment,A woman standing in front of a large tank at an aquarium turns around to look at the photographer.,A woman wants a new facebook picture of her at the aquarium,A woman standing in front of a large tank at an aquarium turns around to look at the photographer.,People are standing in front of a large tank at an aquarium.
208,neutral,contradiction,A woman standing in front of a wall holding a can of Bud Light with her shirt tied into a semi-halter.,The woman who is shown lives in the South.,A woman standing in front of a wall holding a can of Bud Light with her shirt tied into a semi-halter. The woman is actually from the North.,The woman is from the North.
209,neutral,entailment,A little boy with an orange backpack walks under a tree through the woods.,A boy walks to school through the woods.,A little boy with an orange backpack walks under a tree through the woods.,People are walking through the woods.
210,neutral,entailment,A group of people are gathered on a sidewalk in front of a store nearby a littered street.,A group of people are considering whether to shop at the store.,A group of people are gathered on a sidewalk in front of a store nearby a littered street.,People are gathered on a sidewalk in front of a store nearby a littered street.
211,neutral,entailment,"A man with a blue, collared shirt sits in front of another man.",a man is looking at his friend,"A man with a blue, collared shirt sits in front of another man, looking at him.",A man is sitting in front of another man.
212,neutral,entailment,"Four men in safety gear, one holding a camera, are standing on a platform.",There has been an accident,"Four men in safety gear, one holding a camera, are standing on a platform. There has been an accident.",People are standing on a platform.
213,neutral,contradiction,Two men climbing on a wooden scaffold.,Two sad men climbing on a wooden scaffold.,Two men are arguing on a wooden scaffold.,Two sad men climbing on a wooden scaffold.
214,neutral,entailment,A group of children in costumes are on a stage with red curtains.,a group of children are performing a play,A group of children in costumes are on a stage with red curtains.,People are on a stage with red curtains.
215,neutral,contradiction,A red truck is parked next to a burning blue building while a man in a green vest runs toward it.,The burning blue building will turn to dust after an hour.,A red truck is parked next to a burning blue building while a man in a green vest runs away from it.,The burning blue building will not turn to dust after an hour.
216,neutral,entailment,A man in a blue jogging suit is running on the sidewalk in front of a painting.,The man is sweating from his run.,A man in a blue jogging suit is running on the sidewalk in front of a painting.,People are running on the sidewalk in front of a painting.
217,neutral,entailment,A band performing at a local bar or club.,The band is playing rock music,A band performing at a local bar or club is playing rock music.,People are playing rock music at a local bar or club.
218,neutral,entailment,A group of people are sight seeing and taking pictures.,the group is on vacation,A group of people are sight seeing and taking pictures on vacation.,People are sightseeing and taking pictures on vacation.
219,neutral,entailment,"A little boy with a shirt, shorts and socks on, standing on the beach.",A boy is watching the ocean.,"A little boy with a shirt, shorts, and socks on, standing on the beach, is watching the ocean.",People are watching the ocean.
220,contradiction,neutral,"Five people standing on a stage, getting ready to perform, who are unrecognizable due to the lack of lighting.","At a rock concert, the audience screams and cries at the handsome singer and his bass guitarist.","Five people standing on a stage, getting ready to perform, who are unrecognizable due to the lack of lighting.",The people are rehearsing.
221,entailment,neutral,A man with a cowboy hat and a gentleman with sunglasses on his head are seated next to each other.,The very differently dressed men sit next to each other,A man with a cowboy hat and a gentleman with sunglasses on his head are seated next to each other.,The men are sitting next to each other.
222,neutral,entailment,Expert snowboard is trying a new trick.,The person is snowboarding on top of a mountain.,Expert snowboarder is trying a new trick on top of a mountain.,People are snowboarding on top of a mountain.
223,neutral,contradiction,A woman lowering ballast on a boat.,The captain of the boat is preparing for rough waters.,A woman lifting ballast on a boat.,The woman is painting the boat.
224,neutral,entailment,A small child is riding in a red wagon.,A kid is in a wagon and someone is pulling it.,A small child is racing in a red wagon.,People are riding bikes on a track.
225,neutral,entailment,A group of people sitting around a table eating food.,People are at a table eating Christmas dinner.,A group of people sitting around a table eating food.,People are at a table eating food.
226,neutral,contradiction,"A person dressed in a dress with flowers and a stuffed bee attached to it, is pushing a baby stroller down the street.",An old lady pushing a stroller down a busy street.,"A person dressed in a dress with flowers and a stuffed bee attached to it, is vacuuming a floor.",People are wearing pajamas while walking down the street.
227,neutral,entailment,"A woman wearing an elaborate array of feathers in her hair, a bead necklace, a medallion, and an aqua, brown, and olive-green dress and looks off to her left, smiling slightly.",A woman smiles at someone to her left,,People are smiling at someone to their left.
228,neutral,contradiction,"A man wearing a checkered shirt, cream suit and tennis shoes sits on a bench.",the guy is on the bench waiting for his wife,"A man wearing a checkered shirt, cream suit, and flip flops sits on a bench.",The guy is on the bench waiting for his dog.
229,neutral,contradiction,Two cars are being driven in a car race.,A Bugatti and a Lambourgini compete in a road race.,Two cars are being driven in a car race. A Honda Civic and a Tesla Model S compete in a road race.,People are driving electric cars in a race.
230,contradiction,neutral,A crowd walks about a square at night with smoke or fog drifting over them.,A group of people walk through tear gas.,A crowd walks about a square at night with smoke or fog drifting over them.,The people are strolling through a fragrant garden.
231,neutral,entailment,"A lady is helping another woman work in a silver compartment, which is most likely related to nurse-work.",Two woman are trying to finish orders from a doctor,"A lady is helping another woman work in a silver compartment, which is most likely related to nurse-work.",People are trying to finish orders from a doctor.
232,neutral,entailment,batter hits a baseball,A man in a baseball game hits a foul ball.,Premise: A batter hits a baseball.,
233,neutral,contradiction,A group of children in African clothing.,Some humans in green clothing,A group of children in African clothing. Some humans in green clothing.,Some animals in purple clothing.
234,neutral,entailment,In this picture it appears that a man is falling off a bull while attempting to ride the animal.,the man is a farmer,In this picture it appears that a man is falling off a bull while attempting to ride the animal. The man is a farmer.,People are riding bulls while attempting to ride them.
235,neutral,contradiction,"A woman is sitting outside at a table, using a knife to cut into a sandwich.",A woman is sitting outside waiting for her friend.,"A woman is sitting outside at a table, using a knife to cut into a sandwich, but she is not waiting for her friend.",A woman is sitting outside waiting for her friend.
236,neutral,contradiction,A group of children playing with props,The children are playing with machine guns.,,
237,neutral,contradiction,An old man in a pink polo looks through a telescope with a small child standing next to him while others stand with their telescopes in the background.,An ugly old man in a pink polo looks through a telescope with a small child standing next to him,An old man in a pink polo looks through a telescope with a small child standing next to him while others stand with their telescopes in the background.,An ugly old man in a pink polo looks through a telescope with a small child standing next to him.
238,neutral,entailment,A woman in a blue apron is holding a container of ice cream.,A woman is standing in a kitchen.,"A woman in a blue apron is standing in a kitchen, holding a container of ice cream.",People are standing in a kitchen.
239,neutral,contradiction,"A woman is sitting in a chair, while a man is going through the sport utility vehicle.",a girl is sitting waiting to leave for vacation,"A woman is sitting in a chair, while a man is going through the sport utility vehicle.",A boy is sitting waiting to leave for vacation.
240,neutral,entailment,A black and white picture of a city street with a food vendor in the foreground.,The food vendor is selling hot dogs.,A black and white picture of a city street with a food vendor in the foreground.,People are walking on a city street with a food vendor in the foreground.
241,neutral,contradiction,"A group walking in the middle of a walkway with a green divider, and a woman is walking by herself off to the right.",The group is taking a tour.,"A group walking in the middle of a walkway with a green divider, and a woman is walking by herself off to the left.",People are jogging on the walkway.
242,contradiction,neutral,"A man, wearing a cap, is pushing a cart, on which large display boards are kept, on a road.",The person is stealing display boards.,"A man is pushing a cart, on which large display boards are kept, on a road.",The person is transporting display boards.
243,neutral,entailment,A group of people in front of some tan colored tents from the american Parkinsons disease association.,A group shows up to an event to support research on Parkinsons,A group of people in front of some tan colored tents from the American Parkinson's disease association.,People are in front of some tan colored tents.
244,contradiction,neutral,Two little boys are playing on stairs that have a carpet runner going down them.,Two little boys are pretending they are climbing a large mountain.,Two little boys are playing on stairs that have a carpet runner going down them.,The little boys are sliding down the stairs.
245,neutral,contradiction,A man in a green shirt is getting his feet wet in front of a wall showing a closeup picture of a face.,The man is waiting for his friend to come meet up with him.,A man in a green shirt is getting his feet dry in front of a wall showing a closeup picture of a face.,People are staring at a blank wall.
246,neutral,entailment,A man wearing black pants and a helmet is riding a brown horse.,A man is practicing for a horse race.,A man wearing black pants and a helmet is racing a brown horse.,People are riding a horse.
247,neutral,entailment,A girl in black pants doing exercises.,A girl trying to get fit for a bodybuilding competition.,A girl in black pants is doing exercises to prepare for a bodybuilding competition.,People are exercising on a mat.
248,neutral,contradiction,An Asian wearing a pastel print shirt and sunhat pushing his cart up the street.,An Asian man is selling food.,,
249,neutral,entailment,a woman in a brown dress looking at papers in front of a class.,A woman checking papers is a teacher.,A woman in a brown dress looks at papers in front of a class.,People are riding bikes on a track.
250,neutral,entailment,Woman adjusting her eyeglasses.,Woman adjusting her eyeglasses after reading.,Woman adjusting her eyeglasses after reading.,Woman adjusting her eyeglasses after reading.
251,neutral,entailment,A four piece band plays a song on a medium-size stage.,The band is playing punk rock music.,A four piece band plays a song on a medium-size stage.,People are playing a song on a stage.
252,neutral,contradiction,A young boy in red leaping into sand at a playground.,A young boy jumps onto his friends sand castle at a playground.,A young boy in red leaping into sand at a playground.,A young boy jumps off a cliff at a playground.
253,neutral,contradiction,A man and a Woman cutting dough.,A husband and wife making pizza.,A man and a Woman folding laundry.,A woman and a man cutting dough.
254,neutral,entailment,A man in green pants and blue shirt pushing a cart.,An old man pushing a cart.,A man in green pants and blue shirt pushing a cart.,People are pushing a cart.
255,entailment,contradiction,"In an apparent classroom setting, a young man in a blue t-shirt has a book on his knee while a woman dressed in black next to him leans in to point out something in the book.",The man and woman are cooperating.,,The woman is pointing a gun at the man.
256,neutral,entailment,Dog running with a purple toy in the snowy field.,A dog is excited.,Dog running with a purple toy in the snowy field indicates a dog is excited.,People are running with toys in a field.
257,neutral,contradiction,A young ladies squatting at hillside sipping on a drink the other one with the white purse is talking pictures.,A group of hikers pause for a break.,A young lady is squatting at a hillside sipping on a drink while the other one is not taking pictures.,A group of hikers are taking a selfie.
258,neutral,entailment,Two people are participating in the sport fencing.,Two people competing in a fencing tournament,Two people are competing in a fencing tournament.,People are competing in a fencing tournament.
259,neutral,entailment,A man in a pinstriped suit walks down the street and does n't notice the quirky poster on his left.,The man who just purchased a pinstriped suit for a formal dinner didn't notice the poster to his left that shows a man wearing the same suit.,A man in a pinstriped suit walks down the street and doesn't notice the quirky poster on his left.,People are wearing the same suit as the man who just purchased it for a formal dinner.
260,contradiction,neutral,A man talking into a microphone with a woman standing next to him.,The woman is sitting in the chair next to the podium.,A man talking into a microphone with a woman standing next to him.,The woman is standing next to the man.
261,neutral,contradiction,Two brown and white dogs running on a grassy but brown fenced yard.,"The dogs wanted to find the end of the fence, but it seemed to keep on going, always turning into yet another stretch of distance.",Two black and white dogs running on a grassy but brown fenced yard.,People are playing fetch with the dogs in the yard.
262,neutral,contradiction,A small dog runs to catch a ball.,The dog is a chihuahua.,"A small dog runs to catch a ball, but it's actually a toy cat.",The dog is a pomeranian.
263,neutral,contradiction,A police person is on a motorcycle on the side of a street.,A policewoman is sitting on the motorcycle behind the parked car.,A police person is on a motorcycle on the side of a street.,A policeperson is sitting on the motorcycle in front of the parked car.
264,neutral,entailment,There is a woman in a white tank top and camouflage pants with a big black belt on a stage holding a microphone.,A woman is getting ready to perform a song for the audience.,,People are watching a woman perform a song on a stage.
265,neutral,entailment,Two gondola operators sit along a road in Italy.,The gondola operators are taking a work break.,"Two gondola operators sit along a road in Italy, taking a work break.",People are taking a work break along a road in Italy.
266,neutral,entailment,"A middle-aged woman with red-hair, a white shirt, and a silver beaded necklace is holding a yellow cellphone against her ear while talking.",She was calling her husband on her cellphone.,,People are holding cellphones against their ears while talking.
267,neutral,entailment,a dog jumps over the pole.,"Dog is participating in a competition, showing his agility training.","A dog jumps over the pole, demonstrating its agility training in a competition.","Dog is participating in a competition, showing his agility training."
268,neutral,entailment,A boy posing on the soccer field.,The boy is on a soccer team.,A boy posing on the soccer field.,People are on a track.
269,contradiction,neutral,A woman in a red jacket walks down the street in the rain.,Woman walks down street on sunny day,A woman in a red jacket walks down the street in the rain.,The woman is walking down the street in a yellow jacket.
270,contradiction,neutral,Men wearing blue uniforms sit on a bus.,Men drive the bus into the ocean.,Men wearing blue uniforms ride on a bus.,The men are conducting a concert.
271,contradiction,neutral,A man in a suit cheering in a library in front of children.,A boy is attending a club meeting.,Premise: A man in a suit is reading a book in a library in front of children.,The boy is reading a book in the library.
272,contradiction,neutral,An old man holds up a sign.,A man is sleeping.,An old man holds up a sign.,The old man is holding a sign with a smile.
273,contradiction,neutral,A passenger wearing a life jacket prepares to take a picture of a whale very close to the boat.,A man is taking a picture of a goldfish.,A passenger is taking a picture of a whale very close to the boat.,The man is taking a picture of a dolphin.
274,neutral,contradiction,The man walks among the large trees.,The mas is walking next to dogs.,Seven people are repairing bikes on a sandy track.,The man is walking next to dogs.
275,contradiction,neutral,Several adults look on while a young girl plays in a ball pit.,A young girl is sitting in her chair.,Several adults look on while a young girl plays in a ball pit.,The young girl is playing with her toys.
276,contradiction,neutral,"A blond woman with a tattoo of on an angel on her arm walking down the street, a concrete wall in the background.",Nobody has a tattoo,"A blonde woman with a tattoo of an angel on her arm walking down the street, a concrete wall in the background.",The woman has a tattoo of a bird on her arm.
277,contradiction,neutral,A four piece band plays a song on a medium-size stage.,A three piece band plays a song on a medium-size stage.,A four piece band plays a song on a medium-size stage.,The band is playing a song on a medium-size stage.
278,contradiction,neutral,An elderly woman with a tan nun uniform on and glasses is taking a picture with her camera.,A woman is in a green nun uniform,An elderly woman with a tan nun uniform on and glasses is taking a picture with her camera.,The woman is taking a picture with her camera.
279,contradiction,neutral,"A juggler wearing a plaid kilt and a green shirt, juggling.",A person rides a bike down a hill wearing pants.,"A juggler wearing a plaid kilt and a green shirt, juggling.",The person is juggling.
280,contradiction,neutral,A red dog jumps and catches a tennis ball in its mouth.,a man eating popcorn,A red dog jumps and catches a tennis ball in its mouth.,The dog is playing fetch with a toy.
281,contradiction,neutral,A woman cook in an apron is smiling at the camera with two other cooks in the background.,A woman not paying attention to the camera,,The woman is preparing food with a smile on her face.
282,contradiction,neutral,"Two men holding a Chinese lantern that's yellow and red, one man has a drill and the other is smiling.",A man and his daughter build a doghouse while the dog sits behind them.,"Two men holding a Chinese lantern that's yellow and red, one man has a drill and the other is smiling.",The men are constructing a birdhouse while the dog observes.
283,contradiction,neutral,A man with a beard is playing an acoustic guitar on the street.,A woman flashes bystanders.,A man with a beard is playing an acoustic guitar on a street corner.,The man is playing a harmonica.
284,contradiction,neutral,Two men in hard hats and safety neon vests on scaffolding working outside in the daylight.,A school class visits the museum of modern art.,Two men in hard hats and safety neon vests on scaffolding working outside in the daylight.,The men are constructing a building.
285,contradiction,neutral,A blond man playing a guitar.,A bald man is playing a guitar.,A man with blonde hair is playing a guitar.,The man is playing a guitar.
286,contradiction,neutral,Two dancers in pink tops and striped capri bottoms perform on stage barefoot.,Two magicians are performing on stage.,Two dancers in pink tops and striped capri bottoms perform on stage barefoot.,The dancers are performing acrobatic stunts.
287,contradiction,neutral,Expert snowboard is trying a new trick.,The person is surfing on the water.,Expert snowboarder is attempting a new trick.,The person is performing a new trick on the snowboard.
288,contradiction,neutral,A city street corner with two passing bicyclists and several pedestrians.,The people are indoors.,A city street corner with two passing bicyclists and several pedestrians.,The people are waiting in line.
289,contradiction,entailment,A black and white picture of a city street with a food vendor in the foreground.,The colors has disappeared form the world.,A black and white picture of a city street with a food vendor in the foreground entails that the colors have disappeared from the world.,People are riding bikes on a track.
290,contradiction,neutral,A brown dog is in the middle of a line of dogs chasing a dirty tennis ball over dirt.,The tennis ball is clean.,A brown dog is in the middle of a line of dogs chasing a tennis ball over dirt.,The tennis ball is slightly dirty.
291,contradiction,neutral,An accident involving a green Sudan and a gray van.,Two cars waited patiently for the light to turn green.,An accident involving a green car and a gray vehicle.,The cars were waiting for the light to turn green.
292,contradiction,neutral,"3 cyclists are racing ahead of a red BMW, with the leader wearing solid white helmet and black cycling pants",Three people are riding horses across a course.,Three cyclists are riding bikes across a course.,The people are participating in a cycling race.
293,contradiction,neutral,A snowboarder with a maroon coat sails through the air.,The snowboarder is naked.,A snowboarder with a maroon coat glides through the air.,The snowboarder is wearing a bright yellow jacket.
294,contradiction,neutral,A team of surgeons operate on a female patient.,The surgeons are operating on a male patient.,A team of surgeons operate on a patient.,The surgeons are operating on a patient.
295,contradiction,neutral,An elderly Man wearing a olive green shirt and red and white striped apron is stacking cheese.,A women is eating some friend dumpling dumplings,An elderly Man wearing a olive green shirt and red and white striped apron is carrying cheese.,The woman is eating some dumplings.
296,contradiction,neutral,A lady in a red shirt and bikini bottoms is about to go surfing on a blue board in the ocean.,A woman is surfing in her pool.,A lady in a red shirt and bikini bottoms is about to go surfing on a blue board in the ocean.,The woman is paddleboarding.
297,neutral,contradiction,"A man wearing a purple cap, yellow snow goggles, a periwinkle jacket and red backpack moves quickly through powdery snow near a winter tree.",The man is making a snow angel.,,People are skiing on the powdery snow.
298,contradiction,neutral,A boy is riding down the road between two cows.,A single cow is alone.,A boy is riding down the road between two cows.,The boy is riding between two cows.
299,entailment,neutral,"two male's in a karate class, one who is in the air with a blue and orange belt and one who is about to get kicked in the face.",two people do jump kicks,Two people are practicing karate in a class.,The two people are practicing karate moves.
300,contradiction,neutral,A man walks by a building at night.,A man is sitting in the sun.,A man walks by a building at night.,The man is pacing.
301,contradiction,neutral,A woman runs on the beach.,The old lady spends a good time relaxing on the lounge.,A woman runs on the beach.,The old lady takes a leisurely stroll on the beach.
302,contradiction,neutral,A man standing on a street with a suitcase in front of him while another man bends down to look at what is displayed on top of it.,Two men lie on tables in the morgue.,A man stands on a street with a suitcase in front of him while another man examines what is displayed on top of it.,The men are having a conversation.
303,contradiction,neutral,A baby sitting in a highchair looking delighted.,The baby is crying.,A baby sitting in a highchair looking delighted.,The baby is smiling.
304,contradiction,neutral,A person is posed with one leg raised and one arm out at a competition with their teammates in the background.,A man posed with both arms out at a competition.,A person is posed with one leg raised and one arm out at a competition with their teammates in the background.,The person is striking a pose with both arms out at a competition.
305,contradiction,neutral,A man hammering nails on a shed.,The shed is made of t-shirts.,A man hammering nails on a shed.,The man is building a birdhouse.
306,contradiction,neutral,kids are looking at something on a table.,Some kids are burning the table down.,Kids are looking at something on a table.,The kids are drawing on the table.
307,contradiction,neutral,A man wearing a black hat and coat makes a face with a crowd behind him.,A man is taking a shower.,A man is making a face with a crowd behind him.,The man is smiling at the crowd.
308,contradiction,entailment,A couple is eating outside at a table and he is pointing at something.,A couple is eating inside at a table and he is pointing at something.,A couple is eating outside at a table and he is pointing at something.,People are eating inside at a table and he is pointing at something.
309,contradiction,neutral,A young boy wearing an orange uniform stands on the field near a colorful ball.,A girl is wearing a sweater.,A young boy wearing an orange uniform stands on the field near a colorful ball.,The boy is playing soccer.
310,contradiction,neutral,The blue kayak is being ridden over a small waterfall.,A guy is working out in the gym.,The blue kayak is being ridden over a small waterfall.,The kayak is being paddled over a small waterfall.
311,contradiction,entailment,One female and two male musicians holding musical equipment.,There four females,One female and two male musicians holding musical equipment.,People are holding musical equipment.
312,contradiction,neutral,"One man, shirtless, and a woman, clothed, jumping in the water.","Two people are in a helicopter, high above the Sahara desert.","One person, shirtless, and another person, clothed, jumping in the water.",The people are swimming.
313,contradiction,neutral,"Two formally dressed, bald older women",Two long-haired young women.,"Two formally dressed, bald older women.",The two women are twin sisters.
314,contradiction,neutral,A younger couple is walking across a crosswalk outside with a very busy bus stop behind them.,There are people inside of a store.,A younger couple is walking outside with a busy bus stop behind them.,The people are waiting for the bus.
315,contradiction,neutral,A man touching a hanging strand of lamps.,A man has his hands shoved into his coat pockets.,A man is touching a hanging strand of lamps.,The man is juggling three lamps.
316,contradiction,neutral,A mountaineer about to descend down a mountain with a blue helmet on.,A man is drinking hot cocoa inside a lodge.,A mountaineer is descending down a mountain with a blue helmet on.,The mountaineer is taking a break inside the lodge.
317,contradiction,neutral,A dog standing near snow looking at water.,A cat is laying on the couch.,"A dog is standing near water, looking at the snow.",The dog is playing fetch.
318,contradiction,neutral,"Children at daycare playing on rings, and poles, one parent standing and holding her child and one teacher is sitting on the bench watching the others play.",Children are body slamming each other.,"Children at daycare playing on rings and poles, one parent standing and holding her child, and one teacher is sitting on the bench watching the others play.",The children are playing a game of tag.
319,contradiction,neutral,A man sits outdoors with some of his belongings.,A man is inside.,A man is sitting outdoors with some of his belongings.,The man is relaxing outdoors.
320,contradiction,neutral,The dog is in the snow in front of some trees.,A cat plays in the snow.,The dog is in the snow in front of some trees.,The dog is playing in the snow.
321,contradiction,neutral,A motorist gets some air over a rough hill.,A motorist has stalled.,A motorist is driving over a rough hill.,The motorist is coasting.
322,contradiction,neutral,two people riding their bikes down a street together.,A couple gets married at the courthouse.,Two people riding their bikes down a street together.,The people are on a date.
323,contradiction,neutral,The white dog is pulling a large stick.,The dog is taking a nap at the park.,The white dog is pulling a large stick.,The dog is playing fetch at the park.
324,contradiction,neutral,A hand holds a strainer with a small amount of liquid in it with a table with bins in the background.,A city of ice sits in the distance.,A hand holds a strainer with a small amount of liquid in it with a table with bins in the background.,"The hand holds a strainer with a small amount of liquid in it, while in the distance, a city of ice sits."
325,contradiction,entailment,A jubilant crowd dressed fabulously in purple red and yellow-gold move in step on a metropolitan street.,One person walking on the street.,"A jubilant crowd dressed fabulously in purple, red, and yellow-gold move in step on a metropolitan street.",People are walking on the street.
326,entailment,neutral,A group of people is sitting at a large table and using paint brushes to form characters on white paper.,The people are using their fingers to paint with.,A group of people are using paint brushes to form characters on white paper.,The people are using stencils to paint with.
327,contradiction,neutral,A man and a child are purchasing ice cream from a man with a hand pushed ice cream cart.,A couple is eating in a restaurant.,A man and a child are purchasing ice cream from a man with a hand pushed ice cream cart.,The couple is sharing a sundae.
328,contradiction,neutral,An adorable child leaping to block a soccer ball from entering the goal.,A child blocks a goal with his hockey stick.,An adorable child leaping to block a soccer ball from entering the goal.,The child kicks the ball away.
329,contradiction,neutral,A man interviews a boy in a gathering of people.,A man slaps a little boy in front of a gather of people.,A man interviews a boy in a gathering of people.,The man is conducting an interview with the boy.
330,contradiction,neutral,A rugby player swings his leg back to punt the ball.,There is a person sitting on the bed.,A rugby player kicks the ball.,The person is meditating.
331,contradiction,neutral,A basketball player in a red uniform is trying to make a basket but is being blocked by the opposing team.,The basketball player is stretching on the sidelines.,A basketball player in a red uniform is dribbling the ball down the court.,The player is dribbling around the opposing team.
332,contradiction,neutral,A photo of a woman in a black coat standing in front of a large two-paneled photo depicting a woman in a gray dress looking down with her hand in a bag.,The photo was of two men.,A photo of a woman in a black coat standing in front of a large two-paneled photo depicting a woman in a gray dress looking down with her hand in a bag.,The photo was of a man.
333,contradiction,neutral,A young family enjoys feeling ocean waves lap at their feet.,A family is out at a restaurant.,A young family enjoys feeling ocean waves lap at their feet.,The family is taking a picnic on the beach.
334,entailment,neutral,A policeman on a motorcycle from the rear.,An officer on a chopper.,A policeman on a motorcycle from the rear.,The officer is patrolling on a motorcycle.
335,contradiction,neutral,A worker is preparing fish to be sold at a market.,A person is on a boat fishing.,A person is preparing fish to be sold at a market.,The worker is filleting fish for a restaurant.
336,contradiction,neutral,A young boy with a shaved head and dirty white collared shirt holds a chicken in his arm.,The young boy went swimming.,A young boy with a shaved head and dirty white collared shirt holds a chicken in his arm.,The young boy is playing with the chicken.
337,contradiction,neutral,2 people with backpacks are at a table with a woman with a beige blazer sitting behind it.,10 people are kissing,2 people with backpacks are at a table with a woman with a beige blazer sitting behind it.,The people are having a meeting.
338,contradiction,neutral,A group of adults standing up with children in sports attire kneeling on the ground.,A woman drinks moonshine.,A group of adults standing up with children in sports attire kneeling on the ground.,The people are stretching.
339,contradiction,neutral,A young girl is standing in a kitchen holding a green bib.,A boy is playing with a firetruck.,A young girl is holding a green bib in a kitchen.,The girl is reading a book.
340,contradiction,neutral,Two little boys are smiling and laughing while one is standing and one is in a bouncy seat.,The little boys are crying.,Two little boys are smiling and laughing while one is standing and one is in a bouncy seat.,The little boys are playing together.
341,contradiction,neutral,Man in leather jacket and scarf sits on purple cushion at a party.,A person is sleeping on the couch.,Man in leather jacket and scarf sits on a cushion at a party.,The person is meditating.
342,contradiction,neutral,A young couple sitting in a black chair smiling.,Two young people are angry.,A young couple sitting in a black chair smiling.,The couple is laughing.
343,entailment,contradiction,A woman is cutting into a sandwich while sitting at an outdoor table.,the lady on the table is leeping,A woman is knitting while sitting at an outdoor table.,The lady on the table is sleeping.
344,contradiction,neutral,A woman wearing a striped wrap is bent over in a cornfield while looking at the camera.,A man wearing a bathing suit is bent over in a cornfield while looking at the camera.,A woman is wearing a striped wrap and is bent over in a cornfield while looking at the camera.,The woman is admiring the scenery.
345,contradiction,neutral,A smiling man and a baby girl posing for photo.,A girl poses for a selfie with her mother.,A man and a baby girl are posing for a photo.,The girl is taking a photo with her father.
346,contradiction,neutral,A bicyclist wearing white sunglasses and a white and black helmet.,Nobody has sunglasses,A bicyclist wearing white sunglasses and a white and black helmet.,The bicyclist is wearing a black helmet.
347,contradiction,neutral,A man in a dark long rainproof jacket but dry hair walks to the left in a city that has recently rained.,the man is sitted in the bar,A man in a dark long rainproof jacket but dry hair walks to the left in a city that has recently rained.,The man is jogging.
348,contradiction,neutral,A woman with a vest and red shirt is holding her hand up above a black and white dog that is jumping.,The woman is wearing a full sleeved jacket.,A woman is holding her hand up above a black and white dog that is jumping.,The woman is waving her hand.
349,contradiction,neutral,A large group of people walking in a busy city at night.,People are outside in a park.,A large group of people walking in a busy city at night.,The people are strolling.
350,contradiction,neutral,Two children play in the snow by the side of the road.,Toddles are roasting marshmallows.,Two children play in the snow by the side of the road.,The children are building a snowman.
351,contradiction,neutral,"A man sitting on a statue outdoors, near a woman standing next to him.",children playing baseball at the park,"A man is sitting on a statue outdoors, near a woman standing next to him.",The children are playing hopscotch at the park.
352,contradiction,neutral,An asian teenager wearing a white shirt with black stripes is sitting on the steps with his face resting on his hand.,The teenager is sliding down the railing.,An asian teenager is sitting on the steps with his face resting on his hand.,The teenager is daydreaming.
353,contradiction,neutral,A man of the cloth puts a black substance on a man's forehead.,The women are at the park.,A man of the cloth is anointing a man's forehead.,The people are meditating.
354,contradiction,neutral,a woman wearing a pink tank top holding a mug of liquid,A woman in a blue tank top holding a car.,A woman wearing a pink tank top holding a mug of liquid,The woman is holding a book.
355,contradiction,neutral,"Two black guys, that are on rival teams playing basketball.",Two women playing basketball.,,
356,contradiction,neutral,A woman is holding a large check for Kids Food Basket.,She is stealing from them.,A woman is holding a large check for Kids Food Basket.,The woman is donating to Kids Food Basket.
357,neutral,entailment,Swimming in the wide blue ocean.,The ocean swims in the blue wideness.,Swimming in the wide blue ocean entails the ocean swims in the blue wideness.,People are riding bikes on a track.
358,contradiction,neutral,Two men and one woman with blond-hair walk through a gate with barbed wire on top.,Two dogs are walking throught a gate.,Two men and one woman with blond-hair walk through a gate with barbed wire on top.,The people are strolling.
359,contradiction,neutral,Man and a child at an exhibit booth looking at something.,A woman and her dog are eating breakfast.,Man and a child at an exhibit booth looking at something.,The people are chatting.
360,neutral,contradiction,A woman swings on a rope overlooking a red farmhouse and gated pastures and tall trees.,the woman is hanging out with her kids,"A woman is swinging on a rope overlooking a red farmhouse and gated pastures, but she is alone.",The woman is alone in the farmhouse.
361,contradiction,neutral,A group of swimmers jump into a pool.,A group of swimmers are sitting on an airplane on the way to their swimming competition.,A group of swimmers jump into a pool.,The swimmers are on their way to a swimming competition by bus.
362,contradiction,neutral,A few women and children are collecting items from rocks.,People are throwing rocks.,A few women and children are collecting items from rocks.,The people are gathering rocks.
363,contradiction,neutral,A group of female athletes are huddled together and excited.,The group of athletes all can breathe underwater.,A group of female athletes are huddled together and excited.,The group of athletes are all breathing normally.
364,contradiction,neutral,"A woman with a white blanket over her head is holding a baby wrapped in a blue, pink, and yellow blanket.",The blanket is black.,"A woman with a white blanket over her head is holding a baby wrapped in a blue, pink, and yellow blanket.",The blanket is striped.
365,contradiction,neutral,"A dark-skinned person, crouched while painting a sign.",A white man is painting his house.,,
366,contradiction,neutral,A woman with a black purse and a red coat is sitting on a pillar of concrete.,"The woman is running down the path, jogging with earphones in her ears.",A woman with a black purse and a red coat is standing on a pillar of concrete.,The woman is meditating on the pillar.
367,contradiction,neutral,A man in a green shirt and large beige hat is supervising a newsstand that sells snacks and drinks.,the man is at home sleeping,A man in a green shirt is supervising a newsstand that sells snacks and drinks.,The man is supervising a newsstand that sells snacks and drinks.
368,contradiction,neutral,"Two boys with blond-hair, wearing striped shirts on a bed.",Children playing in the park.,"Two boys with blond-hair, wearing striped shirts on a bed.",The children are playing with toys.
369,contradiction,neutral,A man pointing into the ear wearing a striped shirt in a small boat filled with many people.,A man is pointing into the foot and wearing a striped shirt.,A man is pointing into the ear wearing a striped shirt in a small boat filled with many people.,The man is pointing into the air.
370,contradiction,neutral,A singer wearing a leather jacket performs on stage with dramatic lighting behind him.,the singer did not show up,Premise: A singer wearing a leather jacket performs on stage with dramatic lighting behind him.,The singer is performing with a different outfit.
371,contradiction,neutral,Two daschunds play with a red ball,A cat in a litter box.,Two daschunds play with a red ball.,The daschunds are playing fetch with a blue ball.
372,contradiction,neutral,A man playing a piano,A boy is playing trombone.,A man is playing a piano.,The boy is playing the piano.
373,contradiction,neutral,San Fransisco 49ers football field with cheerleaders and a packed stadium.,The football game got cancelled and the field is empty.,San Fransisco 49ers football field with cheerleaders and a packed stadium.,The game is being played with a reduced capacity crowd.
374,contradiction,neutral,Many roller derby players skating around the rink.,roller derby players laying down after the match.,Many roller derby players skating around the rink.,The roller derby players are taking a break after the match.
375,contradiction,neutral,A man standing in front of a building on the phone as two men to the side pain on the side.,two girls walk through a hall,A man standing in front of a building on the phone as two people walk by.,The two men walk through the hall.
376,contradiction,neutral,The man in the sailor suit is holding literature.,A chef is cooking stew.,The man in the sailor suit is holding literature.,The man is wearing a costume.
377,contradiction,neutral,Two women wearing red are smiling at the camera.,With their backs turned to the camera were two women wearing blue dresses,Two women wearing red are smiling at the camera.,The women are waving at the camera.
378,contradiction,neutral,A young black man is getting his hair buzzed off.,The lady is at the hair salon.,,
379,contradiction,neutral,A man with a pinstriped shirt and tan slacks adjust his tie while looking at a apple laptop computer.,A woman adjusts her bra,A man with a pinstriped shirt and tan slacks adjusts his tie while looking at a apple laptop computer.,The woman adjusts her scarf.
380,contradiction,neutral,A man wearing a business suit holds up a drink as the other laughs.,the man is crying and writing,A man wearing a business suit holds up a drink as the other laughs.,The man is juggling.
381,contradiction,neutral,A black man in a blue suit is talking on a cellphone while smoking.,The man is jogging,,
382,contradiction,neutral,A little boy in a blue shirt is putting some sunglasses up to a window while a lady watches him.,A girl puts on some sunglasses,A little boy is wearing some sunglasses while a lady watches him.,The boy is trying on some sunglasses.
383,contradiction,neutral,Three women are dancing among the bamboo.,A group of men are fencing.,Three women are dancing among the bamboo.,The women are juggling.
384,contradiction,neutral,A person in a red shirt is mowing the grass with a green riding mower.,A person in red is swimming in the Olympics.,A person is mowing the grass with a green riding mower.,The person is painting a picture.
385,contradiction,neutral,"A woman in an American military uniform sits at a table and writes the words ""sad,"" ""depressed,"" and ""hatred"" on a large sheet of white paper.",A woman is diving off a mountain.,,"The woman is painting the words ""sad,"" ""depressed,"" and ""hatred"" on a large sheet of white paper."
386,entailment,neutral,A businessman in a white sweater conducts necessary business in a plaza using a concrete abutment as a work table.,man in suit,A person in a white sweater conducts necessary business in a plaza using a concrete abutment as a work table.,The businessman is using a table.
387,contradiction,neutral,A girl in a black sweater and jeans pours water into an empty soda bottle.,A girl pours water into the ocean,A girl in a black sweater and jeans carries a water bottle.,The girl pours water into a different container.
388,contradiction,neutral,Man wearing blue bowing on floor in front of another man in blue bowing on floor with two other men wearing blue kneeling on same floor also.,A man is wearing nothing.,Man wearing blue bowing on floor in front of another man in blue bowing on floor with two other men wearing blue kneeling on same floor also.,The men are meditating.
389,contradiction,neutral,A white greyhound dog wearing a muzzle runs around a track.,The dog is not wearing a muzzle.,A white greyhound dog runs around a track.,The dog is wearing a muzzle.
390,contradiction,neutral,A man in colorful shorts is surfing under a wave.,A man is sunbathing.,A man is surfing under a wave.,The man is bodyboarding.
391,contradiction,neutral,A man swings his tennis racquet as the tennis ball gets closer to him.,A man is shooting a basketball at the goal.,A man is swinging his tennis racquet as the tennis ball approaches him.,The man is hitting a golf ball with his tennis racquet.
392,contradiction,neutral,A man is sitting on the floor and is surrounded by pictures.,A man sitting on a barren floor.,A man is sitting on the floor and is surrounded by pictures.,The man is meditating on the floor.
393,contradiction,neutral,"a boy wearing jean shorts, and a black and blue shirt, reading a book, sits on a rolling device up against a wall that says book fair, while other people stand around.",The boy plays a video game.,"A boy wearing jean shorts and a black and blue shirt reads a book while sitting on a rolling device up against a wall that says ""book fair,"" while other people stand around.",The boy plays a musical instrument.
394,contradiction,neutral,"Two girls, one wearing a pink shirt and the other wearing a blue shirt, are standing against a wall.",Two girls playing hopscotch in an open court.,"Two girls, one wearing a pink shirt and the other wearing a blue shirt, are standing near a wall.",The girls are playing tag in an open field.
395,contradiction,neutral,People are on an escalator waiting to get to their destination while looking outside of the glass that makes up the wall.,People are taking the elevator.,People are on an escalator waiting to get to their destination while looking outside the glass that makes up the wall.,The people are waiting in line.
396,contradiction,neutral,A person in blue is the only person currently throwing their ball at a bowling alley.,The person is eating nachos.,A person in blue is throwing their ball at a bowling alley.,The person is playing a video game.
397,neutral,entailment,"A man wearing black pants, an orange and brown striped shirt, and a black bandanna in a ""just thrown a bowling ball"" stance.",The bandana is expensive.,"A man wearing black pants, an orange and brown striped shirt, and a black bandanna in a ""just threw a bowling ball"" stance.","People are wearing black pants, an orange and brown striped shirt, and a black bandanna in a ""just thrown a bowling ball"" stance."
398,contradiction,neutral,At least eight people are sitting at a table in a building that overlooks the city.,People sitting on the floor,At least eight people are sitting on chairs at a table in a building that overlooks the city.,The people are having a meeting.
399,contradiction,neutral,A photographer and assistant take a photo of a man in a suit and a woman in a dress in front of large white columns and a yellow wall.,The photographer is taking a photo of a dog.,A photographer and assistant take a photo of two people in front of large white columns and a yellow wall.,The photographer is taking a photo of a cat.
