,orig_premise,orig_hypothesis,adv_premise,adv_hypothesis,orig_label,adv_label
0,a man with a beard is talking on the cellphone and standing next to someone who is lying down on the street.,a man is prone on the street while another man stands next to him.,a man with a beard is talking on the cellphone and standing next to someone who is lying down on the street.,[CLS] man is lying against the floor of another man kneeling next to him.,1,0
1,a kid slides down a yellow slide into a swimming pool.,the child slides into the pool.,a kid slides down a yellow slide into a swimming pool.,the four change into the pool.,1,0
2,a woman talks on a cellphone while sitting in front of blue railings that are in front of the ocean.,she has a conversation on her phone outdoors,a woman talks on a cellphone while sitting in front of blue railings that are in front of the ocean.,she has a bear on her phone after,1,0
3,"a lady, dressed in a costume, is posing with an axe in the middle of the woods.",a lady with an axe is posing in the middle of the woods.,"a lady, dressed in a costume, is posing with an axe in the middle of the woods.",a knight with an eagle is shown in the middle of the woods.,1,0
4,a man in a boom lift bucket welds.,a man is working.,a man in a boom lift bucket welds.,[CLS] man is unemployed.,1,0
5,"runners in various athletic garb, as well as one individual in a spotted - green dragon costume, run to the right.",runners see a dragon costumed person,"runners in various athletic garb, as well as one individual in a spotted - green dragon costume, run to the right.",macdonald ride a dragon costume in plush,1,0
6,"rider in ceremonial garb rides white arabian horse, also wearing ceremonial blankets and tassels.",the rider and horse are covered in gear.,"rider in ceremonial garb rides white arabian horse, also wearing ceremonial blankets and tassels.",[CLS] rider and bicycles are covered in baskets.,1,0
7,"two uniformed women, wearing jackets saying "" politie "" on the back, are looking at each other in front of a crowd.",the women are wearing clothes,"two uniformed women, wearing jackets saying "" politie "" on the back, are looking at each other in front of a crowd.",[CLS] women are wearing pajamas,1,0
8,a young man standing outside a laundromat.,a man is standing.,a young man standing outside a laundromat.,[CLS] man is thrown up,1,0
9,two people bicycle on a path separated by small mountains.,two people are riding on bikes outside.,two people bicycle on a path separated by small mountains.,winning people are riding on them together.,1,2
10,bubbles surround a statue in the middle of a street.,there are bubbles around the statue.,bubbles surround a statue in the middle of a street.,missiles are positioned around the statue.,1,0
11,a young boy hanging on a pole smiling at the camera.,the young boy is smiling.,a young boy hanging on a pole smiling at the camera.,the young boy is interviewed.,1,2
12,a man sits on a couch beside a colorful cushion with a pencil in his hand.,the man is holding a pencil.,a man sits on a couch beside a colorful cushion with a pencil in his hand.,[CLS] man is holding a cigarette.,1,0
13,"three men in yellow green safety vests sit on a bench yawning, smoking and having a break.",there are people seated.,"three men in yellow green safety vests sit on a bench yawning, smoking and having a break.",victims are gang heads.,1,2
14,"a man in gray on a rocky cliff, overlooking the mountains.",a man can see mountains from where he stands.,"a man in gray on a rocky cliff, overlooking the mountains.",a man can see it from where he dies.,1,2
15,a hockey player in blue and red guarding the goal.,a person playing a sport,a hockey player in blue and red guarding the goal.,[CLS] blue playing a restricted,1,2
16,people standing in front of a gray building with a sign that reads'tickets available here '.,the people are standing outside.,people standing in front of a gray building with a sign that reads'tickets available here '.,[CLS] people are eating outside.,1,0
17,a solo shot of a man riding a four wheeler in an atv event.,the man is entered in a event.,a solo shot of a man riding a four wheeler in an atv event.,[CLS] two is set in a dream.,1,0
18,a skier ski - jumping while two other skiers watch his act.,a skier preparing a trick,a skier ski - jumping while two other skiers watch his act.,[CLS] skier folding a chair,2,0
19,large brown dog walking in shallow water.,a brown dog is walking outside,large brown dog walking in shallow water.,[CLS] brown dog is classified first,1,2
20,a man in a black shirt and brown pants is jumping in the air performing a karate kick towards a man in a red shirt and black hat.,two males are involved in martial arts.,a man in a black shirt and brown pants is jumping in the air performing a karate kick towards a man in a red shirt and black hat.,[CLS] students are involved in rebellious dancing.,1,0
21,a guy in glasses is biting into a pink marshmallow chick while somebody else is puckering their lips out wanting a bite.,a man is eating a marshmallow.,a guy in glasses is biting into a pink marshmallow chick while somebody else is puckering their lips out wanting a bite.,[CLS] man is cooking a brookmallow.,1,0
22,a man wearing a red vest is walking past a black and green fence.,a man is wearing a vest.,a man wearing a red vest is walking past a black and green fence.,[CLS] black is wearing a sunglasses.,1,2
23,a young girl with water wings leaps into a crowded pool,there are people in a pool.,a young girl with water wings leaps into a crowded pool,they are standing in a maze.,1,0
24,a man sitting on steps with a child as a bystander walks by.,a man and a child sitting on steps saw a bystander.,a man sitting on steps with a child as a bystander walks by.,[CLS] man and a child sitting on steps chases a bystander.,1,0
25,the girl wearing a brown jacket whilst walking in snow.,the girl is walking outside.,the girl wearing a brown jacket whilst walking in snow.,[CLS] girl is crying..,1,0
26,a young woman wearing a yellow shirt and off - white shorts is reading a book while sitting on a park bench.,a woman reading a book while sitting on a bench.,a young woman wearing a yellow shirt and off - white shorts is reading a book while sitting on a park bench.,[CLS] woman licking a book while sitting on a bench.,1,0
27,"an asian woman in a purple shirt preparing a bowl of food for the younger asian boy sitting near buy, while an asian man eats a roll and prepares to take some food up with his chopsticks.",a woman is preparing food for a child.,"an asian woman in a purple shirt preparing a bowl of food for the younger asian boy sitting near buy, while an asian man eats a roll and prepares to take some food up with his chopsticks.",[CLS] chinese is preparing food for a funeral.,1,2
28,a woman and child are on a boat and the woman is looking out into the ocean through a scope.,a lady is looking through a scope at the ocean.,a woman and child are on a boat and the woman is looking out into the ocean through a scope.,[CLS] smiley is looking through a hole in the ocean.,1,2
29,an indian woman stands in an outdoor marketplace.,a female is outdoors at a bazaar.,an indian woman stands in an outdoor marketplace.,a woman is dancing at a picnic.,1,0
30,two teen boys in school clothes are walking with something in a garbage bag.,two boys are walking together carrying a bag.,two teen boys in school clothes are walking with something in a garbage bag.,the boys are eating together sharing the bag.,1,0
31,"two children, both wearing tan coats, are embracing one another.",two kids are hugging.,"two children, both wearing tan coats, are embracing one another.",[CLS] children are classmates.,1,2
32,a group of consumers walking through a public market to purchase vegetables with the background of the busy store just behind them.,shoppers purchasing vegetables at a busy public market.,a group of consumers walking through a public market to purchase vegetables with the background of the busy store just behind them.,gallopers feed them at a very public market.,1,0
33,several street vehicles pass by a traditional architecture style of thailand.,vehicles are going down a street in thailand.,several street vehicles pass by a traditional architecture style of thailand.,launches are going down the street in 2014.,1,2
34,a man wearing a shite short - sleeved shirt kisses a woman wearing a light pink jacket while standing on a public street.,a man is kissing a woman,a man wearing a shite short - sleeved shirt kisses a woman wearing a light pink jacket while standing on a public street.,[CLS] man is dating a woman,1,2
35,a young woman is wearing a paper crown at an outdoor event.,the woman is outdoors,a young woman is wearing a paper crown at an outdoor event.,[CLS] woman is terrified,1,0
36,two women look at a table with assorted items on it in some sort of market that others are currently browsing.,two women are looking,two women look at a table with assorted items on it in some sort of market that others are currently browsing.,[CLS] women are beautiful,1,2
37,a fat woman wearing faint blue top is blowing soap bubble.,a fat woman is wearing a shirt.,a fat woman wearing faint blue top is blowing soap bubble.,[CLS] fat woman is wearing a mask.,2,0
38,a man in a suit driving a horse - drawn buggy down a stone street.,the man is driving a buggy.,a man in a suit driving a horse - drawn buggy down a stone street.,[CLS] man is killing a metrogy.,1,0
39,expert snowboard is trying a new trick.,the person is snowboarding.,expert snowboard is trying a new trick.,the robot is snowboarding.,1,0
40,an asian lady is holding a cup and sitting in front of a table covered in different foods.,there is a table next to a lady.,an asian lady is holding a cup and sitting in front of a table covered in different foods.,dungeon is a bedroom next to the lady.,1,0
41,an asian young woman wearing a white shirt and black pants is holding a pink purse.,the woman is holding a purse.,an asian young woman wearing a white shirt and black pants is holding a pink purse.,[CLS] two is holding a tie.,1,0
42,a woman wearing a red hat and red bandanna followed by a man in a red bandanna.,the people are wearing bandanas.,a woman wearing a red hat and red bandanna followed by a man in a red bandanna.,[CLS] women are eating pork eggs.,1,0
43,a white man taking a photo in front of water.,a man is in front of water.,a white man taking a photo in front of water.,savage man is in front of water.,1,0
44,a man in a blue jacket holding a handsaw sawing a pipe on top of a wood fence.,someone is sawing.,a man in a blue jacket holding a handsaw sawing a pipe on top of a wood fence.,##virus is spiraling.,1,0
45,a man touching a hanging strand of lamps.,a man is reaching out to a strand of lamps.,a man touching a hanging strand of lamps.,[CLS] man is chased out of a pile of corpses.,1,0
46,dog running with a purple toy in the snowy field.,a dog is running.,dog running with a purple toy in the snowy field.,[CLS] dog is radioactive.,1,0
47,two bearded men sit side by side.,two men are sitting down.,two bearded men sit side by side.,murdered men are sitting down.,1,2
48,two men in karate gear using fighting sticks.,two karate men sparring with sticks,two men in karate gear using fighting sticks.,youngest indian men sparring with their,1,2
49,man and woman rowing on surfboards third rower in distance.,couples rowing on surfboards.,man and woman rowing on surfboards third rower in distance.,mutant hiking on surfboards.,2,0
50,a person sweeping stairs in a park.,a person outside.,a person sweeping stairs in a park.,[CLS] short outside.,1,2
51,"four young men stare up at a basketball hoop with no net, in an outdoor, urban basketball court.",four young men looking up at a basketball hoop.,"four young men stare up at a basketball hoop with no net, in an outdoor, urban basketball court.",[CLS] young men crying up at the basketball hoop.,1,0
52,a solo cyclist is riding down a windy road.,a cyclist rides down a road,a solo cyclist is riding down a windy road.,[CLS] solo flying off the road,1,0
53,a person standing next to an old dark building.,a person standing near a building.,a person standing next to an old dark building.,[CLS] person standing underneath the building.,1,0
54,"two hockey players on opposing teams, one in a red and white jersey and one in a blue and black jersey, are standing on the rink.",hockey players are standing on the ice rink.,"two hockey players on opposing teams, one in a red and white jersey and one in a blue and black jersey, are standing on the rink.",hockey players are standing on the stockholm rink.,1,2
55,a man is playing with his skateboard on a street.,a man is outside.,a man is playing with his skateboard on a street.,[CLS] man is driving.,1,0
56,"a guy on rollerblades, sliding across a rail.",the skateboarder rides the rail.,"a guy on rollerblades, sliding across a rail.",[CLS] skateboarder rides the train.,0,0
57,the man white purple and white polka - dotted shirts is eating and looking to his right while the woman behind him has a confused look on her face.,a person is consuming food.,the man white purple and white polka - dotted shirts is eating and looking to his right while the woman behind him has a confused look on her face.,[CLS] black is mimic flowers.,1,0
58,a woman is in the middle of hitting a tennis ball.,a woman is playing tennis.,a woman is in the middle of hitting a tennis ball.,[CLS] woman is playing monopoly.,1,0
59,there are two people walking in the sand.,two people walk across the beach.,there are two people walking in the sand.,[CLS] people walk across the estate.,2,0
60,a man sitting and a woman laying in his lap kissing each other.,a man sitting and woman laying in his lap.,a man sitting and a woman laying in his lap kissing each other.,[CLS] man sitting and talking silently in his lap.,1,0
61,an elderly woman with a tan nun uniform on and glasses is taking a picture with her camera.,a woman is in a tan nun uniform.,an elderly woman with a tan nun uniform on and glasses is taking a picture with her camera.,[CLS] woman is in a tan nun shower.,1,0
62,four women standing around a yellow table are looking at laptops.,a group of women looking at laptops together.,four women standing around a yellow table are looking at laptops.,[CLS] group of women looking at laptops fly.,1,0
63,artist on street corner selling his artwork.,someone is selling paintings.,artist on street corner selling his artwork.,[CLS] is selling shirts.,2,0
64,a boy dressed for summer in a green shirt and kahki shorts extends food to a reindeer in a petting zoo.,a boy alien dressed for summer in a green shirt and kahki shorts,a boy dressed for summer in a green shirt and kahki shorts extends food to a reindeer in a petting zoo.,[CLS] boy alien dressed for summer in a green shirt and kahki shorts,0,0
65,a man in a brown shirt and blue shorts walking in droney park.,a man walking in droney park.,a man in a brown shirt and blue shorts walking in droney park.,[CLS] man running in droney park.,1,0
66,a young man blew up balloons to craft into animals for the seven excited children that looked on.,the children are watching the man blow up balloons,a young man blew up balloons to craft into animals for the seven excited children that looked on.,[CLS] children are unaware the penguins blow up balloons,1,0
67,three women sit together near woven walls.,three women sit together.,three women sit together near woven walls.,12 women sit together.,1,0
68,"a young gymnast looks back at the audience, trying to catch a glimpse of her proud parents before starting her performance.",a gymnast scanning a crowd for familiar faces.,"a young gymnast looks back at the audience, trying to catch a glimpse of her proud parents before starting her performance.",a nurse reads a prayer for smiling faces.,2,0
69,a fireman searching for something using a flashlight.,a fireman is in the dark.,a fireman searching for something using a flashlight.,[CLS] fireman is in the cockpit.,2,0
70,a male with a prosthetic leg diving for a volleyball.,the male has at least one prosthetic leg.,a male with a prosthetic leg diving for a volleyball.,[CLS] male has issue a six quadsthetic leg.,1,2
71,a man sits at a table in a room.,a man sits.,a man sits at a table in a room.,she man sits.,1,0
72,violin soloists take the stage during the orchestra's opening show at the theater.,people are playing violin on stage.,violin soloists take the stage during the orchestra's opening show at the theater.,alone are the fairies on stage.,1,0
73,women in costume stand on a stage.,the women are on stage.,women in costume stand on a stage.,[CLS] <'only tour.,1,0
74,"a race car, numbered 104 is rounding a bend as two people watch and take pictures.",people are taking pictures.,"a race car, numbered 104 is rounding a bend as two people watch and take pictures.",people are drawing pictures.,1,0
75,two young boys are playing in a fountain in a city plaza.,kids are are standing in a fountain.,two young boys are playing in a fountain in a city plaza.,emperors are are seated in a fountain.,1,0
76,two young ladies walking down the street together.,"there are two woman in this picture, and they are both outside.",two young ladies walking down the street together.,"there are two women in a bar, and they are both married.",1,0
77,"one young boy in a yellow long - sleeved shirt and jeans sitting down, with five adults in front of him, one operating a video camera.",an adult using a video camera.,"one young boy in a yellow long - sleeved shirt and jeans sitting down, with five adults in front of him, one operating a video camera.",an idol throwing a handheld camera.,1,0
78,a woman is leaning down while talking to her phone.,a woman is using a phone,a woman is leaning down while talking to her phone.,[CLS] woman is smoking a cigarette,1,0
79,a skier goes down a hill with a mountain as a backdrop.,a skier going down a hill.,a skier goes down a hill with a mountain as a backdrop.,also skier training down the hill.,1,2
80,"women of india performing with blue streamers, in beautiful blue costumes.",indian women perform together in gorgeous costumes,"women of india performing with blue streamers, in beautiful blue costumes.",##oese women perform best in gold costumes,1,0
81,a gymnast is seen defying gravity as she performs an impressive move several feet above the parallel bars.,a gymanst performing,a gymnast is seen defying gravity as she performs an impressive move several feet above the parallel bars.,[CLS] student danet moment,1,2
82,players from two opposing teams wearing colorful cleats struggle to gain control over a ball on an astroturf field.,the players are playing a sport.,players from two opposing teams wearing colorful cleats struggle to gain control over a ball on an astroturf field.,[CLS] teams are playing a clock.,1,0
83,a young girl looking down through some leaves from atop a tree.,there is a girl outdoors.,a young girl looking down through some leaves from atop a tree.,misty is a girl survivor.,1,2
84,a man holding a baby who is petting a pony.,a man with a baby is petting a pony.,a man holding a baby who is petting a pony.,[CLS] man with a sheep is petting a pony.,1,0
85,man in blue shirt yells and points off - camera while a man in a blue shirt and baseball cap watches.,a man is yelling.,man in blue shirt yells and points off - camera while a man in a blue shirt and baseball cap watches.,[CLS] man in mr.,1,2
86,a small child is riding in a red wagon.,a kid is in a wagon.,a small child is riding in a red wagon.,her father is in a wild.,1,2
87,a man in renaissance clothing is sitting on a brick wall.,the man is in costume,a man in renaissance clothing is sitting on a brick wall.,[CLS] man is in heaven,1,0
88,a big black dog jumps in the air to catch the tennis ball in his mouth.,a dog is jumping.,a big black dog jumps in the air to catch the tennis ball in his mouth.,[CLS] dog is eighteen.,1,2
89,two men are boxing in fighting arena.,two men are boxing.,two men are boxing in fighting arena.,23 men are boxing.,1,0
90,a wall hung with multicolored crosses is visible behind the group of young men as they converse.,young men are talking,a wall hung with multicolored crosses is visible behind the group of young men as they converse.,the men are single,1,2
91,red - haired female answers questions while sitting at a table for craftzine.,she answers questions while sitting at a table.,red - haired female answers questions while sitting at a table for craftzine.,she rhymes repeatedly while sitting at a table.,1,0
92,"two men in costumes with fake carrot noses, top hats, sunglasses and white fur coats that contain white electrical lights.",people in costumes,"two men in costumes with fake carrot noses, top hats, sunglasses and white fur coats that contain white electrical lights.",australia in costume,1,2
93,a man has wrecked his racing bike in the dirt with five spectators behind a rope.,a man has damaged something.,a man has wrecked his racing bike in the dirt with five spectators behind a rope.,[CLS] man has killed millions.,1,0
94,a city street with market vendors and children being pushed in strollers with a large cathedral in the background.,the strollers are moving.,a city street with market vendors and children being pushed in strollers with a large cathedral in the background.,[CLS] rebuilding crisis is changing.,1,0
95,two men working on farm equipment that is being pulled by two horses.,the men are working on farm stuff.,two men working on farm equipment that is being pulled by two horses.,[CLS] men are working on stealing eggs.,1,0
96,woman running in a park while listening to music.,a woman jogging in a park.,woman running in a park while listening to music.,[CLS] woman sleeps in a park.,1,0
97,a man in jeans and a brown shirt jumps high in the air in a living room that has a fireplace and wooden floor.,a guy in brown jumps up in a room with a wood floor,a man in jeans and a brown shirt jumps high in the air in a living room that has a fireplace and wooden floor.,[CLS] man in black dresses up in a room with a plastic floor,1,0
98,"the blond young man who had been splattered with paint colors of blue, orange, and green held up his camera to take a picture.",a man covered in paint takes a photo.,"the blond young man who had been splattered with paint colors of blue, orange, and green held up his camera to take a picture.",[CLS] man'in blue pushed a tree.,1,0
99,"one woman with jeans, gray shirt and sandals ; with girl in all pink watching a white ball float in midair.",the shirt is gray.,"one woman with jeans, gray shirt and sandals ; with girl in all pink watching a white ball float in midair.",the meat is black.,1,0
100,3 people are shopping in a market.,there are people at a market.,3 people are shopping in a market.,[CLS] are ten at a market.,1,0
101,a man is working in an art studio and is surrounded by art supplies.,a man is working on art.,a man is working in an art studio and is surrounded by art supplies.,[CLS] man is working on dreams.,1,2
102,the man in black is flying off the full in front of a red fence.,the man is next to the fence.,the man in black is flying off the full in front of a red fence.,[CLS] man is listening to the man.,1,0
103,people are hiking up a mountain with no greenery.,the mountain is bare.,people are hiking up a mountain with no greenery.,[CLS] mountain is sacred.,1,2
104,"an old man in a baseball hat and an old woman in a jean jacket are standing outside, but are covered mostly in shadow.",an old woman has a jean jacket.,"an old man in a baseball hat and an old woman in a jean jacket are standing outside, but are covered mostly in shadow.",[CLS] old woman has a leather jacket.,1,0
105,a patient is being worked on by doctors and nurses.,someone is at the doctor.,a patient is being worked on by doctors and nurses.,priest is also the doctor.,1,2
106,a young male wearing a white shirt with a character outlined very darkly.,a young male in a white shirt.,a young male wearing a white shirt with a character outlined very darkly.,a black male in a white jacket.,1,2
107,a man wearing a white shirt and a blue jeans reading a newspaper while standing,a man is reading a newspaper.,a man wearing a white shirt and a blue jeans reading a newspaper while standing,date man is reading a newspaper.,1,2
108,a man and woman setup a camera.,two people setup a device,a man and woman setup a camera.,[CLS] people driving a motorcycle,1,0
109,two dogs run across the woods.,the canines run around in the forest.,two dogs run across the woods.,[CLS] crickets run around in the forest.,1,0
110,a man is kayaking in rough waters.,the man is in a boat,a man is kayaking in rough waters.,[CLS] man is in a cabin,1,0
111,"a person wearing a straw hat, standing outside working a steel apparatus with a pile of coconuts on the ground.",a person is near a pile of coconuts.,"a person wearing a straw hat, standing outside working a steel apparatus with a pile of coconuts on the ground.",deceased person is carrying a pile of coconuts.,1,0
112,several men at a bar watch a sports game on the television.,some men are watching tv at a bar.,several men at a bar watch a sports game on the television.,[CLS] men are stalking ourselves for the bar.,1,2
113,a lit girl splashes around in natural water.,a girl splashes in water.,a lit girl splashes around in natural water.,[CLS] shark splashes in water.,1,0
114,a boy is riding down the road between two cows.,"a boy, a road and two cows.",a boy is riding down the road between two cows.,"[CLS] boy, a camel and two cows.",1,2
115,a group of attentive students are paying attention to a college lecture.,some students are attending a class.,a group of attentive students are paying attention to a college lecture.,##2 students are attending a church.,1,0
116,a man laughing while at a restaurant.,a man laughing.,a man laughing while at a restaurant.,[CLS] man dying.,1,0
117,a woman wearing a yellow tank top and white pants looking into a window on a city street.,a woman wearing a tank top and pants looks through some glass.,a woman wearing a yellow tank top and white pants looking into a window on a city street.,[CLS] woman wearing a tank top and pants looks through her pockets.,1,0
118,"a crowd of people in a stadium decked out in white, yellow and green cheer and clap for the team below.",a crwod is cheering,"a crowd of people in a stadium decked out in white, yellow and green cheer and clap for the team below.",[CLS] perfectly candid is now,1,0
119,"two sweet young girls on ice skates, hands up and holding on to each other get ready to begin their performance on the ice.",two females holding each other.,"two sweet young girls on ice skates, hands up and holding on to each other get ready to begin their performance on the ice.",##s lies kissing each other.,1,0
120,a man in a short mohawk and beard.,a man with a short mohawk and beard stands outside.,a man in a short mohawk and beard.,the man in a long mohawk and beard lives outside.,2,0
121,a woman in a pink top is holding a glass bottle in one hand and a stitch doll in the other.,the top is pink,a woman in a pink top is holding a glass bottle in one hand and a stitch doll in the other.,[CLS] top is tanned,1,2
122,a girl in a black skirt and blue dress is watering flowers.,the girl is giving the flowers some water.,a girl in a black skirt and blue dress is watering flowers.,@ cat is picking the flowers before them.,1,0
123,a pro - baseball pitcher sends a curve ball to his opponent while many fans relax and enjoy the game.,a pitcher is playing baseball at a stadium,a pro - baseball pitcher sends a curve ball to his opponent while many fans relax and enjoy the game.,[CLS] pitcher is not baseball at a slam,1,0
124,one confused man is standing and staring off into the distance in front of some ticket collecting machines.,the man is confused.,one confused man is standing and staring off into the distance in front of some ticket collecting machines.,[CLS] man is dying.,1,0
125,several men in black t - shirts and caps are using with metal rods to smash food that's lying on a round table with a hole in the center.,men using metal rods,several men in black t - shirts and caps are using with metal rods to smash food that's lying on a round table with a hole in the center.,[CLS] using platinum bible,1,0
126,a group of people sitting and knitting.,people are sitting.,a group of people sitting and knitting.,darts are required.,1,0
127,an older man sifts water through his fingers as a young toddler watches from inside the water.,a man is near a toddler,an older man sifts water through his fingers as a young toddler watches from inside the water.,[CLS] man is killed a redwoodler,1,0
128,"while traveling, a woman in a black jacket is resting on the shoulder of a man in a black jacket.",a woman rests on the shoulder of a man,"while traveling, a woman in a black jacket is resting on the shoulder of a man in a black jacket.",[CLS] woman drown on the shoulder of a man,1,0
129,"a small, pale bird bends down to examine a crumb.",the bird is on the ground.,"a small, pale bird bends down to examine a crumb.",[CLS] bird is on the flight.,2,0
130,a man riding a motorcycle on a dirt road passing several junk or abandoned cars on the side of the road.,a man is riding a motorcyle.,a man riding a motorcycle on a dirt road passing several junk or abandoned cars on the side of the road.,"[CLS] man, riding a dunlop motorcycle bicycle.",1,0
131,a skier is heading into a grove of trees.,there is snow on the ground in this picture.,a skier is heading into a grove of trees.,there is mud underneath the ground in the moonlight.,1,2
132,two women bend over to touch a small kangaroo.,two women are petting a kangaroo,two women bend over to touch a small kangaroo.,the women are gutting a kangaroo,2,0
133,a man with thinning hair looking into glasses through glasses.,a man with thinning hair.,a man with thinning hair looking into glasses through glasses.,[CLS] man with thin blue hair.,1,2
134,a kid dressed in a long - sleeve shirt with a jersey numbered 11 is passing a bar to a boy in a jersey numbered 12 during a relay race.,a team of youths race to finish first in a relay race on a beach.,a kid dressed in a long - sleeve shirt with a jersey numbered 11 is passing a bar to a boy in a jersey numbered 12 during a relay race.,[CLS] group of students race to finish first in a relay race on the beach.,2,2
135,a man is riding a bicycle in the street.,a bicycle is being ridden,a man is riding a bicycle in the street.,a woman is being chased,1,0
136,a woman with a pink purse walks down a crowded sidewalk.,a woman walks through a crowd,a woman with a pink purse walks down a crowded sidewalk.,[CLS] woman walks through a flat,1,0
137,"a large number of people are watching men dressed in kilts, one of whom has thrown a long pole.",people watch men in kilts,"a large number of people are watching men dressed in kilts, one of whom has thrown a long pole.",guerrillas watch men in kilts,1,2
138,"two babies, one in red, asleep in their highchairs.",babies are asleep,"two babies, one in red, asleep in their highchairs.",[CLS] are pink,1,0
139,some folks pick out the food they want at a party.,the party - goers are perusing the buffet.,some folks pick out the food they want at a party.,[CLS] party - goers are hauntedsing the bible.,2,2
140,a small dog runs to catch a ball.,a little dog chases a ball.,a small dog runs to catch a ball.,[CLS] small dog whispering a ball.,1,0
141,a white and black spotted dog is running through a grassy area.,a dog is outdoors.,a white and black spotted dog is running through a grassy area.,a dog is hunting.,1,2
142,the black woman is laying out literature.,a black woman is handling printed material.,the black woman is laying out literature.,[CLS] black woman is collecting lesbian material.,1,2
143,island native fishermen reeling in their nets after a long day's work.,the men are finishing their day of work.,island native fishermen reeling in their nets after a long day's work.,[CLS] children are veterans their day of birth.,1,0
144,a dog jumps over the pole.,dog is jumping over a pole,a dog jumps over the pole.,marines is jumping over a pole,1,0
145,a man running in a race passes by spectators.,a man is running by people who are watching.,a man running in a race passes by spectators.,[CLS] man is caught by people who are kneeling.,1,0
146,a man talks to two guards as he holds a drink.,the prisoner is talking to two guards in the prison cafeteria.,a man talks to two guards as he holds a drink.,the beast is talking to the guards in the prison maze.,2,0
147,a woman with a black purse and a red coat is sitting on a pillar of concrete.,the woman is waiting for her boyfriend at the local bus stop.,a woman with a black purse and a red coat is sitting on a pillar of concrete.,[CLS] woman is fighting for her boyfriend in the open machine room.,2,0
148,"one man wearing a pink and blue striped shirt, work gloves, and holding a yellow hard hat.",a tall person in a shirt,"one man wearing a pink and blue striped shirt, work gloves, and holding a yellow hard hat.",a cleaned person in a room,2,0
149,a barber in a sports themed barber shop waits for his next customer to arrive.,a barber in a sports shop waits eagerly for business.,a barber in a sports themed barber shop waits for his next customer to arrive.,[CLS] sailor in a sports car waits anxiously for business.,2,0
150,"boy in backpack crossing the street, other people, all asian, are all in crosswalk walking towards the boy.",the boy is on his way home from school.,"boy in backpack crossing the street, other people, all asian, are all in crosswalk walking towards the boy.",[CLS] boy is on his yacht home in school.,2,0
151,the cyclist rides on a wooded path.,the cyclist rides with a companion on a wooded path,the cyclist rides on a wooded path.,[CLS] cyclist rides with a vehicle on a wheeled surface,2,1
152,a woman working in the storefront of a jewelry shop fixing the display shelf.,the woman is dreaming of a modeling career while working in the jewelry shop.,a woman working in the storefront of a jewelry shop fixing the display shelf.,[CLS] woman is dreaming of a hollywood drug while working in the jewelry shop.,2,0
153,two people play horseshoes.,tom and sue were playing outside.,two people play horseshoes.,pete and mike are playing chess.,2,0
154,two adult men in black t - shirt and loud tunics hold smoking torches in preparation for an act of entertainment or celebration in a forested environment.,two brothers hold torches to celebrate.,two adult men in black t - shirt and loud tunics hold smoking torches in preparation for an act of entertainment or celebration in a forested environment.,##ural mortals hold torches to display.,2,0
155,several adults look on while a young girl plays in a ball pit.,a young girl is having fun.,several adults look on while a young girl plays in a ball pit.,[CLS] young girl is available sport.,2,1
156,a girl climbing a chain link fence.,the girl climbs the fence to get to school.,a girl climbing a chain link fence.,[CLS] girl climbs the wall to her to infinity.,2,0
157,a man biking down a tunnel.,a man is winning a bike race.,a man biking down a tunnel.,[CLS] man is pulling a horse carriage.,2,0
158,"a smiling man with gray hair and glasses, dressed in black, is sitting in a chair with a music stand in front of him.",this man has an eyesight deficiency.,"a smiling man with gray hair and glasses, dressed in black, is sitting in a chair with a music stand in front of him.",intact man has an expression and beak.,2,0
159,three children are shooting guns in the woods.,three children are shooting a deer.,three children are shooting guns in the woods.,three children are shooting a basket.,2,0
160,four people wearing backpacks walking in a line along a mountain trail.,four people are walking along a mountain trail trying to get down before the storm.,four people wearing backpacks walking in a line along a mountain trail.,ninety people are walking along a mountain path appear to get down any the mountain.,2,0
161,several people talk and drink beer while sitting around a picnic table.,several friends talk and drink beer while sitting around a picnic table.,several people talk and drink beer while sitting around a picnic table.,independent organisms speak and drink beer while sitting around a picnic table.,2,1
162,a smiling girl slides down a purple slide feet first.,a girl happily uses the equipment at a playground.,a smiling girl slides down a purple slide feet first.,[CLS] girl remotely resembling the bandwidth at a playground.,1,1
163,a man in a purple and blue shirt and shorts is getting ready to hit a golf ball.,a man is on a golf course.,a man in a purple and blue shirt and shorts is getting ready to hit a golf ball.,[CLS] man is on a dance board.,2,0
164,a man is performing for a group in front of a white house.,the man performed in front of his own house.,a man is performing for a group in front of a white house.,brute man performed in front of four green house.,2,0
165,a young man is playing a blue guitar.,a musician practices on his guitar briefly before a concert.,a young man is playing a blue guitar.,[CLS] musician spit on his guitar unconscious before a concert.,2,0
166,two men help each other cut a sheet of plastic.,two friends help each other by cutting some plastic.,two men help each other cut a sheet of plastic.,these humans help each other with cutting the cloth.,2,1
167,an old man in a blue shirt and white pants glowers by a glass door.,a man resting outside,an old man in a blue shirt and white pants glowers by a glass door.,[CLS] man oxygen mechanically,2,0
168,"a little girl drawing with chalk, on a chalkboard.",a little girl is drawing on the board during class.,"a little girl drawing with chalk, on a chalkboard.",[CLS] little girl is burning on the floor during class.,2,0
169,a wet golden retriever is walking through a lake,a wet golden retriever is walking through a lake to find a ball.,a wet golden retriever is walking through a lake,"[CLS] clear "" retriever is seen through a lake. getting a splash.",2,1
170,a woman is sitting down doing some sort of craft work while another person operates a large wooden loom device in the background.,the woman sitting is asian.,a woman is sitting down doing some sort of craft work while another person operates a large wooden loom device in the background.,[CLS] woman sitting is destruction.,2,0
171,people in chairs around a table,the people are eating dinner.,people in chairs around a table,[CLS] people are offered seating.,2,1
172,a performer plays an instrument for the audience.,the performer is making music.,a performer plays an instrument for the audience.,[CLS] performer is providing music.,1,1
173,a group of people wait to cross the street in new york,some of the people are wearing sunglasses.,a group of people wait to cross the street in new york,many of the people are on mars.,2,0
174,"two distinguished older gentlemen stand outside a house, trees in background, both with white hair, the taller man having his arm about the other man's shoulder as they face the camera from behind their corrective lenses.",the older men are colleagues.,"two distinguished older gentlemen stand outside a house, trees in background, both with white hair, the taller man having his arm about the other man's shoulder as they face the camera from behind their corrective lenses.",molded deaf men are depicted.,2,0
175,a young woman dressed in black attaches bags full of flowers to a bicycle.,the flowers are lilacs.,a young woman dressed in black attaches bags full of flowers to a bicycle.,[CLS] flowers are galactic clouds.,2,0
176,"a man stands on a dock near several boats, while 2 other men are on one of the boats.",a man with brown hair is standing on a dock.,"a man stands on a dock near several boats, while 2 other men are on one of the boats.",a man with zombie hair is found on a dock.,2,0
177,a bird is perched on a line of some sort attached to a pole.,a bird is wallowing on a pole.,a bird is perched on a line of some sort attached to a pole.,[CLS] bird is comparatively miraculous on a pole.,2,1
178,a person is on a four wheeler kicking up a lot of dirt in a dune.,the person is in a race.,a person is on a four wheeler kicking up a lot of dirt in a dune.,[CLS] person is in a vehicle.,2,1
179,"a man wearing an oxford shirt, sunglasses, and a hat smirks.",a man hiding his true identity.,"a man wearing an oxford shirt, sunglasses, and a hat smirks.",[CLS] man retains his true likeness.,2,1
180,a group of people gathered at night watching an event.,a group of humans are looking at the same direction.,a group of people gathered at night watching an event.,[CLS] group of humans are looking at the same area.,1,1
181,a man in a suit cheering in a library in front of children.,a lawyer is encouraging some children at a contest.,a man in a suit cheering in a library in front of children.,[CLS] chance is holding some children at a bar.,2,0
182,security officer working outside.,a security officer is dressed in a uniform.,security officer working outside.,[CLS] security officer is available in a demeanor.,2,1
183,a man in a white and gray shirt looks on as a shirtless man with a mustache cleans fish on a pale green table.,the man is cleaning the fish that he caught so he can cook it.,a man in a white and gray shirt looks on as a shirtless man with a mustache cleans fish on a pale green table.,[CLS] man is eating the palm that he eats so he can bite it.,2,0
184,a young couple and many others out enjoying themselves at an outdoor street event.,the young couple are looking at goods being sold by the street vendors.,a young couple and many others out enjoying themselves at an outdoor street event.,[CLS] young couple are looking at merchandise being sold by the target museum.,2,0
185,construction workers use cables to hang from the sides of buildings.,construction workers are brave.,construction workers use cables to hang from the sides of buildings.,[CLS] workers are free and,2,0
186,a dark - haired man in a black uniform is speaking to a man wearing a black jacket and black helmet on a motorbike.,a man in a police uniform is talking to another man.,a dark - haired man in a black uniform is speaking to a man wearing a black jacket and black helmet on a motorbike.,elephant man in a refrigerator box is talking to another man.,2,0
187,a woman wearing a red coat stands on a wood floor in front of several paintings while two girls sit on the floor at her feet.,woman takes a break at a museum while her children sit by her feet.,a woman wearing a red coat stands on a wood floor in front of several paintings while two girls sit on the floor at her feet.,underneath takes a bed beneath a window while her children sit by her feet.,2,0
188,a climber wearing a red headband is pulling himself up some gray rocks high above some green foliage.,a climber pulls himself up 5000 feet up over a forest,a climber wearing a red headband is pulling himself up some gray rocks high above some green foliage.,a climber hangs himself up fifteen feet unmanned over a wall,0,0
189,a woman is walking her dog along a snowy ground.,a woman is trying to get her dog to go to the bathroom after it has freshly snowed.,a woman is walking her dog along a snowy ground.,[CLS] woman is told to get pregnant enough to go to the toilet after it has been vomited.,2,0
190,a boy in a blue uniform is standing next to a boy in red and a boy in yellow and they are holding baseball gloves.,three boys are preparing for their big game that is about to start.,a boy in a blue uniform is standing next to a boy in red and a boy in yellow and they are holding baseball gloves.,barren farmers are famous for their fun game that is about to start.,2,0
191,"while two students are jumping, others in a classroom are sitting or standing.",two students disrupting class.,"while two students are jumping, others in a classroom are sitting or standing.",eligible students cushioning a.,2,1
192,a man alone crosscountry skis in the wilderness while wearing a huge backpack.,a man skis in the wilderness while it's snowing,a man alone crosscountry skis in the wilderness while wearing a huge backpack.,[CLS] man glides in the wilderness while it's terrestrial behavior,2,1
193,a well dressed elderly woman standing in front of a bus decorated with images of purple flowers.,a grandmother is standing in front of a bus with violets decorated all over it.,a well dressed elderly woman standing in front of a bus decorated with images of purple flowers.,[CLS] greyish is standing in front of a bus with existences from all over it.,2,0
194,two girls kissing a man with a black shirt and brown hair on the cheeks.,two girls kiss there dad.,two girls kissing a man with a black shirt and brown hair on the cheeks.,"autonomous girls, there are.",2,1
195,a large man is sitting in front of a fountain statue while talking on a phone.,the fountain has running water.,a large man is sitting in front of a fountain statue while talking on a phone.,[CLS] rooftop has inorganic water.,2,1
196,a man puts his hands up while telling an amusing story to his friend with a beard.,the man is perplexed by the events.,a man puts his hands up while telling an amusing story to his friend with a beard.,[CLS] man is only dogged by the silence.,2,0
197,a man with a tattoo on his arm staring to the side with vehicles and buildings behind him.,a man has dragon tattoos on his arm.,a man with a tattoo on his arm staring to the side with vehicles and buildings behind him.,a man has cellular colour on his arm.,2,1
198,"a man wearing dark knee boots, a green cape, and a hat with two big feathers on the front is sitting by himself on a bench in front of a building with a blue and white patterned piece of wheeled luggage to his right while he rests both his hands on a walking stick.",a man sits by himself at mardi gras.,"a man wearing dark knee boots, a green cape, and a hat with two big feathers on the front is sitting by himself on a bench in front of a building with a blue and white patterned piece of wheeled luggage to his right while he rests both his hands on a walking stick.",a man stands by flicking at mardi maximas.,2,0
199,a crowd of people in winter garb gather in the street against a backdrop of bare trees and snow.,it is cold and snowy outside.,a crowd of people in winter garb gather in the street against a backdrop of bare trees and snow.,colour is spacious and light throughout.,1,0
200,an asian man walks a three - wheeled pedal card fully of white bags.,an asian man walks a three - wheeled pedal card fully of white bags and he can be seen leaving the store.,an asian man walks a three - wheeled pedal card fully of white bags.,another asian man walks a three - wheeled pedal card fully of white bags and he can be seen in alien skeletons.,2,0
201,a couple about to kiss somewhere.,a couple are kissing on new years eve as the ball drops.,a couple about to kiss somewhere.,[CLS] couple is introduced on new years eve as the robot goddess.,2,0
202,a person in an orange shirt reaching up.,a person is reaching up to grab something.,a person in an orange shirt reaching up.,another person is normally able to touch something.,2,1
203,a big dog catches a ball on his nose,a dog is playing with his owner,a big dog catches a ball on his nose,[CLS] dog is one with his limbs,2,1
204,an medical worker examines a young girl.,a health worker is evaluating a girl on her sickness.,an medical worker examines a young girl.,[CLS] health worker is alive a girl on her surface.,2,1
205,there is a man poking a long stick up towards the ceiling.,the man has no arms.,there is a man poking a long stick up towards the ceiling.,[CLS] man has no arms.,0,0
206,a man with two small boys making a purchase from a woman.,the man with the little boys is buying a gift from the woman's store.,a man with two small boys making a purchase from a woman.,[CLS] man with two little boys is approximately a product from the woman's body.,2,1
207,a woman standing in front of a large tank at an aquarium turns around to look at the photographer.,a woman wants a new facebook picture of her at the aquarium,a woman standing in front of a large tank at an aquarium turns around to look at the photographer.,[CLS] woman managing a new unified glance of her at the aquarium,2,1
208,a woman standing in front of a wall holding a can of bud light with her shirt tied into a semi - halter.,the woman who is shown lives in the south.,a woman standing in front of a wall holding a can of bud light with her shirt tied into a semi - halter.,[CLS] woman who is lying dead in the stomach.,2,0
209,a little boy with an orange backpack walks under a tree through the woods.,a boy walks to school through the woods.,a little boy with an orange backpack walks under a tree through the woods.,@ boy walks toling through the woods.,2,1
210,a group of people are gathered on a sidewalk in front of a store nearby a littered street.,a group of people are considering whether to shop at the store.,a group of people are gathered on a sidewalk in front of a store nearby a littered street.,[CLS] group of people are shown machinery to appear at the store.,2,0
211,"a man with a blue, collared shirt sits in front of another man.",a man is looking at his friend,"a man with a blue, collared shirt sits in front of another man.",[CLS] man is seen at his disposal,2,1
212,"four men in safety gear, one holding a camera, are standing on a platform.",there has been an accident,"four men in safety gear, one holding a camera, are standing on a platform.",destruction has been unknown experience,2,0
213,two men climbing on a wooden scaffold.,two sad men climbing on a wooden scaffold.,two men climbing on a wooden scaffold.,six ordinary men climbing on a wooden scaffold.,2,0
214,a group of children in costumes are on a stage with red curtains.,a group of children are performing a play,a group of children in costumes are on a stage with red curtains.,[CLS] group of children are physically a costumes,2,1
215,a red truck is parked next to a burning blue building while a man in a green vest runs toward it.,the burning blue building will turn to dust after an hour.,a red truck is parked next to a burning blue building while a man in a green vest runs toward it.,[CLS] burning green building will turn to earth with an arrow.,2,0
216,a man in a blue jogging suit is running on the sidewalk in front of a painting.,the man is sweating from his run.,a man in a blue jogging suit is running on the sidewalk in front of a painting.,[CLS] man is differentiated from his body.,2,1
217,a band performing at a local bar or club.,the band is playing rock music,a band performing at a local bar or club.,the band is playing music.,2,1
218,a group of people are sight seeing and taking pictures.,the group is on vacation,a group of people are sight seeing and taking pictures.,[CLS] group is taken remotely,2,1
219,"a little boy with a shirt, shorts and socks on, standing on the beach.",a boy is watching the ocean.,"a little boy with a shirt, shorts and socks on, standing on the beach.",[CLS] boy is inside the car.,2,0
220,"five people standing on a stage, getting ready to perform, who are unrecognizable due to the lack of lighting.","at a rock concert, the audience screams and cries at the handsome singer and his bass guitarist.","five people standing on a stage, getting ready to perform, who are unrecognizable due to the lack of lighting.","[CLS] a live concert, the audience screams and cheers at the famous singer and his backup guitarist.",0,0
221,a man with a cowboy hat and a gentleman with sunglasses on his head are seated next to each other.,the very differently dressed men sit next to each other,a man with a cowboy hat and a gentleman with sunglasses on his head are seated next to each other.,[CLS] here basic armoured men sit next to each other,0,1
222,expert snowboard is trying a new trick.,the person is snowboarding on top of a mountain.,expert snowboard is trying a new trick.,[CLS] snow is snowboarding on top of a whale.,2,0
223,a woman lowering ballast on a boat.,the captain of the boat is preparing for rough waters.,a woman lowering ballast on a boat.,[CLS] trunk of the boat is searching for boiling waters.,2,0
224,a small child is riding in a red wagon.,a kid is in a wagon and someone is pulling it.,a small child is riding in a red wagon.,a human is in a dwelling and human is being it.,2,1
225,a group of people sitting around a table eating food.,people are at a table eating christmas dinner.,a group of people sitting around a table eating food.,alone are at a table eating christmas eve.,2,0
226,"a person dressed in a dress with flowers and a stuffed bee attached to it, is pushing a baby stroller down the street.",an old lady pushing a stroller down a busy street.,"a person dressed in a dress with flowers and a stuffed bee attached to it, is pushing a baby stroller down the street.",an old pony rolls a stroller through a deserted street.,2,0
227,"a woman wearing an elaborate array of feathers in her hair, a bead necklace, a medallion, and an aqua, brown, and olive - green dress and looks off to her left, smiling slightly.",a woman smiles at someone to her left,"a woman wearing an elaborate array of feathers in her hair, a bead necklace, a medallion, and an aqua, brown, and olive - green dress and looks off to her left, smiling slightly.",[CLS] woman merely in cognition to her left,2,1
228,"a man wearing a checkered shirt, cream suit and tennis shoes sits on a bench.",the guy is on the bench waiting for his wife,"a man wearing a checkered shirt, cream suit and tennis shoes sits on a bench.",[CLS] krishna is on the floor waiting for his wife,2,0
229,two cars are being driven in a car race.,a bugatti and a lambourgini compete in a road race.,two cars are being driven in a car race.,cuckoo bugatti'bears lambouryani compete in a sprint race.,2,0
230,a crowd walks about a square at night with smoke or fog drifting over them.,a group of people walk through tear gas.,a crowd walks about a square at night with smoke or fog drifting over them.,[CLS] group of people walk in tear gas.,0,0
231,"a lady is helping another woman work in a silver compartment, which is most likely related to nurse - work.",two woman are trying to finish orders from a doctor,"a lady is helping another woman work in a silver compartment, which is most likely related to nurse - work.",two individuals are permitted to take or. a lady,2,1
232,batter hits a baseball,a man in a baseball game hits a foul ball.,batter hits a baseball,[CLS] batter in a baseball game consuming a moving ball.,2,1
233,a group of children in african clothing.,some humans in green clothing,a group of children in african clothing.,@ everyone in green uniforms,2,0
234,in this picture it appears that a man is falling off a bull while attempting to ride the animal.,the man is a farmer,in this picture it appears that a man is falling off a bull while attempting to ride the animal.,[CLS] man was wearing animals,2,1
235,"a woman is sitting outside at a table, using a knife to cut into a sandwich.",a woman is sitting outside waiting for her friend.,"a woman is sitting outside at a table, using a knife to cut into a sandwich.",[CLS] woman is sitting alone waiting for her bible.,2,0
236,a group of children playing with props,the children are playing with machine guns.,a group of children playing with props,[CLS] children are playing with unarmed cries.,2,0
237,an old man in a pink polo looks through a telescope with a small child standing next to him while others stand with their telescopes in the background.,an ugly old man in a pink polo looks through a telescope with a small child standing next to him,an old man in a pink polo looks through a telescope with a small child standing next to him while others stand with their telescopes in the background.,an actual old woman in a pink polo looks through a telescope with a small child standing next to him,2,0
238,a woman in a blue apron is holding a container of ice cream.,a woman is standing in a kitchen.,a woman in a blue apron is holding a container of ice cream.,[CLS] woman is shown in a colour.,2,1
239,"a woman is sitting in a chair, while a man is going through the sport utility vehicle.",a girl is sitting waiting to leave for vacation,"a woman is sitting in a chair, while a man is going through the sport utility vehicle.",[CLS] kitten is sitting ready to watch for fairies,2,0
240,a black and white picture of a city street with a food vendor in the foreground.,the food vendor is selling hot dogs.,a black and white picture of a city street with a food vendor in the foreground.,the motorway worker is making spit dogs.,2,0
241,"a group walking in the middle of a walkway with a green divider, and a woman is walking by herself off to the right.",the group is taking a tour.,"a group walking in the middle of a walkway with a green divider, and a woman is walking by herself off to the right.",[CLS] group is driving a motorcycle.,2,0
242,"a man, wearing a cap, is pushing a cart, on which large display boards are kept, on a road.",the person is stealing display boards.,"a man, wearing a cap, is pushing a cart, on which large display boards are kept, on a road.",[CLS] man is stealing playground boards.,0,0
243,a group of people in front of some tan colored tents from the american parkinsons disease association.,a group shows up to an event to support research on parkinsons,a group of people in front of some tan colored tents from the american parkinsons disease association.,coherent group shows itself to an event to support hygiene on canines,2,1
244,two little boys are playing on stairs that have a carpet runner going down them.,two little boys are pretending they are climbing a large mountain.,two little boys are playing on stairs that have a carpet runner going down them.,these little boys are pretending they are driving a paved bicycle.,0,0
245,a man in a green shirt is getting his feet wet in front of a wall showing a closeup picture of a face.,the man is waiting for his friend to come meet up with him.,a man in a green shirt is getting his feet wet in front of a wall showing a closeup picture of a face.,the man is waiting for his son to come into venus with him.,2,0
246,a man wearing black pants and a helmet is riding a brown horse.,a man is practicing for a horse race.,a man wearing black pants and a helmet is riding a brown horse.,[CLS] man is possible for a horse rider.,2,1
247,a girl in black pants doing exercises.,a girl trying to get fit for a bodybuilding competition.,a girl in black pants doing exercises.,a girl trying to get revenge for a body proof payment.,2,0
248,an asian wearing a pastel print shirt and sunhat pushing his cart up the street.,an asian man is selling food.,an asian wearing a pastel print shirt and sunhat pushing his cart up the street.,every asian man is a steak.,2,0
249,a woman in a brown dress looking at papers in front of a class.,a woman checking papers is a teacher.,a woman in a brown dress looking at papers in front of a class.,[CLS] woman washing herself is a teacher.,2,0
250,woman adjusting her eyeglasses.,woman adjusting her eyeglasses after reading.,woman adjusting her eyeglasses.,[CLS] mr her eyeglasses all hq.,2,0
251,a four piece band plays a song on a medium - size stage.,the band is playing punk rock music.,a four piece band plays a song on a medium - size stage.,[CLS] band is literally generic in music.,2,0
252,a young boy in red leaping into sand at a playground.,a young boy jumps onto his friends sand castle at a playground.,a young boy in red leaping into sand at a playground.,[CLS] young boy jumps onto his airship and zombies at a playground.,2,0
253,a man and a woman cutting dough.,a husband and wife making pizza.,a man and a woman cutting dough.,[CLS] husband and wife with ink.,2,0
254,a man in green pants and blue shirt pushing a cart.,an old man pushing a cart.,a man in green pants and blue shirt pushing a cart.,##factory creature man appliances a cart.,2,1
255,"in an apparent classroom setting, a young man in a blue t - shirt has a book on his knee while a woman dressed in black next to him leans in to point out something in the book.",the man and woman are cooperating.,"in an apparent classroom setting, a young man in a blue t - shirt has a book on his knee while a woman dressed in black next to him leans in to point out something in the book.",the man and bears are cooperating.,0,0
256,dog running with a purple toy in the snowy field.,a dog is excited.,dog running with a purple toy in the snowy field.,[CLS] dog in nature.,2,1
257,a young ladies squatting at hillside sipping on a drink the other one with the white purse is talking pictures.,a group of hikers pause for a break.,a young ladies squatting at hillside sipping on a drink the other one with the white purse is talking pictures.,[CLS] party of smokers dressed for a meal.,2,0
258,two people are participating in the sport fencing.,two people competing in a fencing tournament,two people are participating in the sport fencing.,[CLS] people dressed in a fencing device,2,1
259,a man in a pinstriped suit walks down the street and doesn't notice the quirky poster on his left.,the man who just purchased a pinstriped suit for a formal dinner didn't notice the poster to his left that shows a man wearing the same suit.,a man in a pinstriped suit walks down the street and doesn't notice the quirky poster on his left.,earthly man who had worn a pinstriped suit for a garment difference didn't contain the top to his left that indicated a man wearing the same suit.,2,1
260,a man talking into a microphone with a woman standing next to him.,the woman is sitting in the chair next to the podium.,a man talking into a microphone with a woman standing next to him.,[CLS] woman is sitting in a chair next to the chair.,0,0
261,two brown and white dogs running on a grassy but brown fenced yard.,"the dogs wanted to find the end of the fence, but it seemed to keep on going, always turning into yet another stretch of distance.",two brown and white dogs running on a grassy but brown fenced yard.,"[CLS] walkers try to sit the end of the fence, since it tries to keep on going, instead turning into a mystical cloak of light.",2,0
262,a small dog runs to catch a ball.,the dog is a chihuahua.,a small dog runs to catch a ball.,the bear is a feather.,2,0
263,a police person is on a motorcycle on the side of a street.,a policewoman is sitting on the motorcycle behind the parked car.,a police person is on a motorcycle on the side of a street.,[CLS] policewoman is seated on the porch behind the parked car.,2,0
264,there is a woman in a white tank top and camouflage pants with a big black belt on a stage holding a microphone.,a woman is getting ready to perform a song for the audience.,there is a woman in a white tank top and camouflage pants with a big black belt on a stage holding a microphone.,[CLS] woman is relatively ready to sustain a behaviour for the occasion.,2,1
265,two gondola operators sit along a road in italy.,the gondola operators are taking a work break.,two gondola operators sit along a road in italy.,[CLS] gondola operators are taking a robot break.,2,0
266,"a middle - aged woman with red - hair, a white shirt, and a silver beaded necklace is holding a yellow cellphone against her ear while talking.",she was calling her husband on her cellphone.,"a middle - aged woman with red - hair, a white shirt, and a silver beaded necklace is holding a yellow cellphone against her ear while talking.",ship was above her father on her cell phone.,2,0
267,a dog jumps over the pole.,"dog is participating in a competition, showing his agility training.",a dog jumps over the pole.,"vishnu is participating in a competition, introducing his agility abilities.",2,0
268,a boy posing on the soccer field.,the boy is on a soccer team.,a boy posing on the soccer field.,[CLS] boy is on a soccer surface.,2,1
269,a woman in a red jacket walks down the street in the rain.,woman walks down street on sunny day,a woman in a red jacket walks down the street in the rain.,intentional walks down the on election day,0,2
270,men wearing blue uniforms sit on a bus.,men drive the bus into the ocean.,men wearing blue uniforms sit on a bus.,of accompany the bus from the stadium.,0,2
271,a man in a suit cheering in a library in front of children.,a boy is attending a club meeting.,a man in a suit cheering in a library in front of children.,[CLS] chang is enjoying a new event.,0,2
272,an old man holds up a sign.,a man is sleeping.,an old man holds up a sign.,[CLS] man is heard.,0,2
273,a passenger wearing a life jacket prepares to take a picture of a whale very close to the boat.,a man is taking a picture of a goldfish.,a passenger wearing a life jacket prepares to take a picture of a whale very close to the boat.,[CLS] passenger is taking a picture of a baltic evening.,0,2
274,the man walks among the large trees.,the mas is walking next to dogs.,the man walks among the large trees.,[CLS] glad is walking next to meadow.,2,2
275,several adults look on while a young girl plays in a ball pit.,a young girl is sitting in her chair.,several adults look on while a young girl plays in a ball pit.,[CLS] mysterious girl is played in her vicinity.,0,1
276,"a blond woman with a tattoo of on an angel on her arm walking down the street, a concrete wall in the background.",nobody has a tattoo,"a blond woman with a tattoo of on an angel on her arm walking down the street, a concrete wall in the background.",[unused535] has a tattoo,0,1
277,a four piece band plays a song on a medium - size stage.,a three piece band plays a song on a medium - size stage.,a four piece band plays a song on a medium - size stage.,[CLS] instrumental piece band plays a song on a medium - size stage.,0,2
278,an elderly woman with a tan nun uniform on and glasses is taking a picture with her camera.,a woman is in a green nun uniform,an elderly woman with a tan nun uniform on and glasses is taking a picture with her camera.,[CLS] woman is in a lovely nursing asylum,0,2
279,"a juggler wearing a plaid kilt and a green shirt, juggling.",a person rides a bike down a hill wearing pants.,"a juggler wearing a plaid kilt and a green shirt, juggling.",a location makes a gig at a bun wearing shirts.,0,2
280,a red dog jumps and catches a tennis ball in its mouth.,a man eating popcorn,a red dog jumps and catches a tennis ball in its mouth.,[CLS] dog has something,0,1
281,a woman cook in an apron is smiling at the camera with two other cooks in the background.,a woman not paying attention to the camera,a woman cook in an apron is smiling at the camera with two other cooks in the background.,[CLS] woman not running backwards to the camera,0,1
282,"two men holding a chinese lantern that's yellow and red, one man has a drill and the other is smiling.",a man and his daughter build a doghouse while the dog sits behind them.,"two men holding a chinese lantern that's yellow and red, one man has a drill and the other is smiling.",a completion whispers his brother constructing a lantern tent while the sun stands behind them.,0,2
283,a man with a beard is playing an acoustic guitar on the street.,a woman flashes bystanders.,a man with a beard is playing an acoustic guitar on the street.,nightly is marsden bystanders.,0,2
284,two men in hard hats and safety neon vests on scaffolding working outside in the daylight.,a school class visits the museum of modern art.,two men in hard hats and safety neon vests on scaffolding working outside in the daylight.,[CLS] valuable achievement commemorates the founding of modern art.,0,2
285,a blond man playing a guitar.,a bald man is playing a guitar.,a blond man playing a guitar.,[CLS] wise man is playing a guitar.,0,2
286,two dancers in pink tops and striped capri bottoms perform on stage barefoot.,two magicians are performing on stage.,two dancers in pink tops and striped capri bottoms perform on stage barefoot.,[CLS] enactments are performed on stage.,0,2
287,expert snowboard is trying a new trick.,the person is surfing on the water.,expert snowboard is trying a new trick.,[CLS] method is knocked on the snow.,0,2
288,a city street corner with two passing bicyclists and several pedestrians.,the people are indoors.,a city street corner with two passing bicyclists and several pedestrians.,[CLS] connections are nearby.,0,2
289,a black and white picture of a city street with a food vendor in the foreground.,the colors has disappeared form the world.,a black and white picture of a city street with a food vendor in the foreground.,[CLS] setting has varied throughout the city.,0,1
290,a brown dog is in the middle of a line of dogs chasing a dirty tennis ball over dirt.,the tennis ball is clean.,a brown dog is in the middle of a line of dogs chasing a dirty tennis ball over dirt.,the tennis ball is low.,0,2
291,an accident involving a green sudan and a gray van.,two cars waited patiently for the light to turn green.,an accident involving a green sudan and a gray van.,[CLS] companions frantically checking for the light to turn around.,0,2
292,"3 cyclists are racing ahead of a red bmw, with the leader wearing solid white helmet and black cycling pants",three people are riding horses across a course.,"3 cyclists are racing ahead of a red bmw, with the leader wearing solid white helmet and black cycling pants",[CLS] people are slick riders protecting a car.,0,1
293,a snowboarder with a maroon coat sails through the air.,the snowboarder is naked.,a snowboarder with a maroon coat sails through the air.,[CLS] snowboarder is female.,0,2
294,a team of surgeons operate on a female patient.,the surgeons are operating on a male patient.,a team of surgeons operate on a female patient.,[CLS] surgeons are trained on a female patient.,0,1
295,an elderly man wearing a olive green shirt and red and white striped apron is stacking cheese.,a women is eating some friend dumpling dumplings,an elderly man wearing a olive green shirt and red and white striped apron is stacking cheese.,[CLS] carter is eating some quality tackling peplings,0,2
296,a lady in a red shirt and bikini bottoms is about to go surfing on a blue board in the ocean.,a woman is surfing in her pool.,a lady in a red shirt and bikini bottoms is about to go surfing on a blue board in the ocean.,[CLS] woman is surfing in summer bay.,0,2
297,"a man wearing a purple cap, yellow snow goggles, a periwinkle jacket and red backpack moves quickly through powdery snow near a winter tree.",the man is making a snow angel.,"a man wearing a purple cap, yellow snow goggles, a periwinkle jacket and red backpack moves quickly through powdery snow near a winter tree.",the man is making a snow jumper call,2,2
298,a boy is riding down the road between two cows.,a single cow is alone.,a boy is riding down the road between two cows.,a third boy is nearby.,0,2
299,"two male's in a karate class, one who is in the air with a blue and orange belt and one who is about to get kicked in the face.",two people do jump kicks,"two male's in a karate class, one who is in the air with a blue and orange belt and one who is about to get kicked in the face.",two people have faster kicks,1,2
300,a man walks by a building at night.,a man is sitting in the sun.,a man walks by a building at night.,[CLS] man is moving in the wind.,0,1
301,a woman runs on the beach.,the old lady spends a good time relaxing on the lounge.,a woman runs on the beach.,[CLS] pr lady spends a considerable day out on the beaches.,0,2
302,a man standing on a street with a suitcase in front of him while another man bends down to look at what is displayed on top of it.,two men lie on tables in the morgue.,a man standing on a street with a suitcase in front of him while another man bends down to look at what is displayed on top of it.,hopefully men are on disguise in the momentgue.,0,2
303,a baby sitting in a highchair looking delighted.,the baby is crying.,a baby sitting in a highchair looking delighted.,[CLS] smile is adorable.,0,2
304,a person is posed with one leg raised and one arm out at a competition with their teammates in the background.,a man posed with both arms out at a competition.,a person is posed with one leg raised and one arm out at a competition with their teammates in the background.,[CLS] man poses with artistic arms outstretched at a competition.,0,1
305,a man hammering nails on a shed.,the shed is made of t - shirts.,a man hammering nails on a shed.,the artwork is representative of t. cass.,0,2
306,kids are looking at something on a table.,some kids are burning the table down.,kids are looking at something on a table.,@ kids are seeing the sit down.,0,2
307,a man wearing a black hat and coat makes a face with a crowd behind him.,a man is taking a shower.,a man wearing a black hat and coat makes a face with a crowd behind him.,[CLS] man is expecting a smile.,0,2
308,a couple is eating outside at a table and he is pointing at something.,a couple is eating inside at a table and he is pointing at something.,a couple is eating outside at a table and he is pointing at something.,[CLS] couple is eating meat at a table and he is pointing at something.,0,2
309,a young boy wearing an orange uniform stands on the field near a colorful ball.,a girl is wearing a sweater.,a young boy wearing an orange uniform stands on the field near a colorful ball.,a boy is wearing a helmet.,0,2
310,the blue kayak is being ridden over a small waterfall.,a guy is working out in the gym.,the blue kayak is being ridden over a small waterfall.,[CLS] person is working out in the gorge.,0,2
311,one female and two male musicians holding musical equipment.,there four females,one female and two male musicians holding musical equipment.,there are resources,0,1
312,"one man, shirtless, and a woman, clothed, jumping in the water.","two people are in a helicopter, high above the sahara desert.","one man, shirtless, and a woman, clothed, jumping in the water.","two people are in a canal, partially above the bathing pool.",0,2
313,"two formally dressed, bald older women",two long - haired young women.,"two formally dressed, bald older women",[CLS] long - excellent old women.,0,2
314,a younger couple is walking across a crosswalk outside with a very busy bus stop behind them.,there are people inside of a store.,a younger couple is walking across a crosswalk outside with a very busy bus stop behind them.,illuminating are people outside of a roadside.,0,1
315,a man touching a hanging strand of lamps.,a man has his hands shoved into his coat pockets.,a man touching a hanging strand of lamps.,[CLS] man has his hand brought to his own notch.,0,1
316,a mountaineer about to descend down a mountain with a blue helmet on.,a man is drinking hot cocoa inside a lodge.,a mountaineer about to descend down a mountain with a blue helmet on.,[CLS] man is receiving hot oxygen from a stunt.,0,2
317,a dog standing near snow looking at water.,a cat is laying on the couch.,a dog standing near snow looking at water.,[CLS] snow is seen on the water.,0,1
318,"children at daycare playing on rings, and poles, one parent standing and holding her child and one teacher is sitting on the bench watching the others play.",children are body slamming each other.,"children at daycare playing on rings, and poles, one parent standing and holding her child and one teacher is sitting on the bench watching the others play.",learners are taught encouraging each other.,0,2
319,a man sits outdoors with some of his belongings.,a man is inside.,a man sits outdoors with some of his belongings.,[CLS] man is worth.,0,2
320,the dog is in the snow in front of some trees.,a cat plays in the snow.,the dog is in the snow in front of some trees.,a shepherd plays in the snow.,0,2
321,a motorist gets some air over a rough hill.,a motorist has stalled.,a motorist gets some air over a rough hill.,[CLS] motorist has disabilities.,0,2
322,two people riding their bikes down a street together.,a couple gets married at the courthouse.,two people riding their bikes down a street together.,[CLS] couple gets together at the festival.,0,2
323,the white dog is pulling a large stick.,the dog is taking a nap at the park.,the white dog is pulling a large stick.,[CLS] dog is currently a favorite at the park.,0,2
324,a hand holds a strainer with a small amount of liquid in it with a table with bins in the background.,a city of ice sits in the distance.,a hand holds a strainer with a small amount of liquid in it with a table with bins in the background.,[CLS] process of control occurs in the surroundings.,0,1
325,a jubilant crowd dressed fabulously in purple red and yellow - gold move in step on a metropolitan street.,one person walking on the street.,a jubilant crowd dressed fabulously in purple red and yellow - gold move in step on a metropolitan street.,[CLS] and entertaining on the street.,0,1
326,a group of people is sitting at a large table and using paint brushes to form characters on white paper.,the people are using their fingers to paint with.,a group of people is sitting at a large table and using paint brushes to form characters on white paper.,and people are allowed their fingers to pace with.,1,1
327,a man and a child are purchasing ice cream from a man with a hand pushed ice cream cart.,a couple is eating in a restaurant.,a man and a child are purchasing ice cream from a man with a hand pushed ice cream cart.,a couple is entertaining in a gesture.,0,1
328,an adorable child leaping to block a soccer ball from entering the goal.,a child blocks a goal with his hockey stick.,an adorable child leaping to block a soccer ball from entering the goal.,[CLS] young blocked the goal with a single shot.,0,2
329,a man interviews a boy in a gathering of people.,a man slaps a little boy in front of a gather of people.,a man interviews a boy in a gathering of people.,a man analyzes a little boy in front of a group of people.,0,1
330,a rugby player swings his leg back to punt the ball.,there is a person sitting on the bed.,a rugby player swings his leg back to punt the ball.,there is a system located on the line.,0,1
331,a basketball player in a red uniform is trying to make a basket but is being blocked by the opposing team.,the basketball player is stretching on the sidelines.,a basketball player in a red uniform is trying to make a basket but is being blocked by the opposing team.,[CLS] basketball player is ranked on the defensive end.,0,2
332,a photo of a woman in a black coat standing in front of a large two - paneled photo depicting a woman in a gray dress looking down with her hand in a bag.,the photo was of two men.,a photo of a woman in a black coat standing in front of a large two - paneled photo depicting a woman in a gray dress looking down with her hand in a bag.,the photo was considered a owners.,0,2
333,a young family enjoys feeling ocean waves lap at their feet.,a family is out at a restaurant.,a young family enjoys feeling ocean waves lap at their feet.,[CLS] family is encouraged at a place.,0,1
334,a policeman on a motorcycle from the rear.,an officer on a chopper.,a policeman on a motorcycle from the rear.,[CLS] officer on a vehicle.,1,1
335,a worker is preparing fish to be sold at a market.,a person is on a boat fishing.,a worker is preparing fish to be sold at a market.,[CLS] labor is on a job business.,0,1
336,a young boy with a shaved head and dirty white collared shirt holds a chicken in his arm.,the young boy went swimming.,a young boy with a shaved head and dirty white collared shirt holds a chicken in his arm.,[CLS] young billy misses this.,0,2
337,2 people with backpacks are at a table with a woman with a beige blazer sitting behind it.,10 people are kissing,2 people with backpacks are at a table with a woman with a beige blazer sitting behind it.,respected people are curious,0,2
338,a group of adults standing up with children in sports attire kneeling on the ground.,a woman drinks moonshine.,a group of adults standing up with children in sports attire kneeling on the ground.,[CLS] women wielding athleticsily.,0,1
339,a young girl is standing in a kitchen holding a green bib.,a boy is playing with a firetruck.,a young girl is standing in a kitchen holding a green bib.,a cum is welcomed with a water bruck.,0,2
340,two little boys are smiling and laughing while one is standing and one is in a bouncy seat.,the little boys are crying.,two little boys are smiling and laughing while one is standing and one is in a bouncy seat.,[CLS] little boys are dressed.,0,2
341,man in leather jacket and scarf sits on purple cushion at a party.,a person is sleeping on the couch.,man in leather jacket and scarf sits on purple cushion at a party.,[CLS] person remains perched on the chair.,0,1
342,a young couple sitting in a black chair smiling.,two young people are angry.,a young couple sitting in a black chair smiling.,[CLS] young people are amused.,0,1
343,a woman is cutting into a sandwich while sitting at an outdoor table.,the lady on the table is leeping,a woman is cutting into a sandwich while sitting at an outdoor table.,the lady of the table is noticed by,1,2
344,a woman wearing a striped wrap is bent over in a cornfield while looking at the camera.,a man wearing a bathing suit is bent over in a cornfield while looking at the camera.,a woman wearing a striped wrap is bent over in a cornfield while looking at the camera.,"- female, a girl outfit is bent over in a cornfield while looking at the camera.",0,1
345,a smiling man and a baby girl posing for photo.,a girl poses for a selfie with her mother.,a smiling man and a baby girl posing for photo.,that girl poses for a selfie with her grandparents.,0,2
346,a bicyclist wearing white sunglasses and a white and black helmet.,nobody has sunglasses,a bicyclist wearing white sunglasses and a white and black helmet.,##oya has trademark,0,1
347,a man in a dark long rainproof jacket but dry hair walks to the left in a city that has recently rained.,the man is sitted in the bar,a man in a dark long rainproof jacket but dry hair walks to the left in a city that has recently rained.,[CLS] man is protected sheltered by the long,0,1
348,a woman with a vest and red shirt is holding her hand up above a black and white dog that is jumping.,the woman is wearing a full sleeved jacket.,a woman with a vest and red shirt is holding her hand up above a black and white dog that is jumping.,[CLS] woman is wearing a full sleeved decoration.,0,1
349,a large group of people walking in a busy city at night.,people are outside in a park.,a large group of people walking in a busy city at night.,[CLS] are people in lincoln heights.,0,2
350,two children play in the snow by the side of the road.,toddles are roasting marshmallows.,two children play in the snow by the side of the road.,potential children are encountering foxmallows.,0,2
351,"a man sitting on a statue outdoors, near a woman standing next to him.",children playing baseball at the park,"a man sitting on a statue outdoors, near a woman standing next to him.","commemorating the meeting, the platform",0,2
352,an asian teenager wearing a white shirt with black stripes is sitting on the steps with his face resting on his hand.,the teenager is sliding down the railing.,an asian teenager wearing a white shirt with black stripes is sitting on the steps with his face resting on his hand.,[CLS] character is counting down the realization.,0,2
353,a man of the cloth puts a black substance on a man's forehead.,the women are at the park.,a man of the cloth puts a black substance on a man's forehead.,the men are recognised the master.,0,2
354,a woman wearing a pink tank top holding a mug of liquid,a woman in a blue tank top holding a car.,a woman wearing a pink tank top holding a mug of liquid,[CLS] woman in a water tank top and a kitchen.,0,2
355,"two black guys, that are on rival teams playing basketball.",two women playing basketball.,"two black guys, that are on rival teams playing basketball.",[CLS] individuals play basketball.,0,1
356,a woman is holding a large check for kids food basket.,she is stealing from them.,a woman is holding a large check for kids food basket.,[CLS] ing money from them.,0,1
357,swimming in the wide blue ocean.,the ocean swims in the blue wideness.,swimming in the wide blue ocean.,[CLS] ocean swells in the open surface areas.,1,1
358,two men and one woman with blond - hair walk through a gate with barbed wire on top.,two dogs are walking throught a gate.,two men and one woman with blond - hair walk through a gate with barbed wire on top.,[CLS] members are walking through to a gate.,0,1
359,man and a child at an exhibit booth looking at something.,a woman and her dog are eating breakfast.,man and a child at an exhibit booth looking at something.,[CLS] man and her father had shown something.,0,2
360,a woman swings on a rope overlooking a red farmhouse and gated pastures and tall trees.,the woman is hanging out with her kids,a woman swings on a rope overlooking a red farmhouse and gated pastures and tall trees.,[CLS] woman is hanging out with her child,2,2
361,a group of swimmers jump into a pool.,a group of swimmers are sitting on an airplane on the way to their swimming competition.,a group of swimmers jump into a pool.,[CLS] group of swimmers are chosen on a lane on the way to a freestyle competition.,0,2
362,a few women and children are collecting items from rocks.,people are throwing rocks.,a few women and children are collecting items from rocks.,people are using rocks.,0,1
363,a group of female athletes are huddled together and excited.,the group of athletes all can breathe underwater.,a group of female athletes are huddled together and excited.,[CLS] group of athletes supports rush kicking swimmers.,0,2
364,"a woman with a white blanket over her head is holding a baby wrapped in a blue, pink, and yellow blanket.",the blanket is black.,"a woman with a white blanket over her head is holding a baby wrapped in a blue, pink, and yellow blanket.",the infant is small.,0,2
365,"a dark - skinned person, crouched while painting a sign.",a white man is painting his house.,"a dark - skinned person, crouched while painting a sign.",[CLS] young man is making his portrait.,0,2
366,a woman with a black purse and a red coat is sitting on a pillar of concrete.,"the woman is running down the path, jogging with earphones in her ears.",a woman with a black purse and a red coat is sitting on a pillar of concrete.,"[CLS] woman is waiting on the sidewalk, sitting with hand signals in her purse.",0,2
367,a man in a green shirt and large beige hat is supervising a newsstand that sells snacks and drinks.,the man is at home sleeping,a man in a green shirt and large beige hat is supervising a newsstand that sells snacks and drinks.,[CLS] man is not home appropriately,0,1
368,"two boys with blond - hair, wearing striped shirts on a bed.",children playing in the park.,"two boys with blond - hair, wearing striped shirts on a bed.",currently being in the company.,0,1
369,a man pointing into the ear wearing a striped shirt in a small boat filled with many people.,a man is pointing into the foot and wearing a striped shirt.,a man pointing into the ear wearing a striped shirt in a small boat filled with many people.,[CLS] man is called into the spot and wearing a striped shirt.,0,1
370,a singer wearing a leather jacket performs on stage with dramatic lighting behind him.,the singer did not show up,a singer wearing a leather jacket performs on stage with dramatic lighting behind him.,[CLS] singer managed the show off,0,2
371,two daschunds play with a red ball,a cat in a litter box.,two daschunds play with a red ball,[CLS] moving in a wet ball.,0,1
372,a man playing a piano,a boy is playing trombone.,a man playing a piano,[CLS] he is playing alone.,0,2
373,san fransisco 49ers football field with cheerleaders and a packed stadium.,the football game got cancelled and the field is empty.,san fransisco 49ers football field with cheerleaders and a packed stadium.,[CLS] football game gets extra and the field is lighted.,0,2
374,many roller derby players skating around the rink.,roller derby players laying down after the match.,many roller derby players skating around the rink.,"roller derby, narrowing down after the first.",0,2
375,a man standing in front of a building on the phone as two men to the side pain on the side.,two girls walk through a hall,a man standing in front of a building on the phone as two men to the side pain on the side.,soothing evening standing through a blast,0,2
376,the man in the sailor suit is holding literature.,a chef is cooking stew.,the man in the sailor suit is holding literature.,[CLS] merchant is holding poetry.,0,2
377,two women wearing red are smiling at the camera.,with their backs turned to the camera were two women wearing blue dresses,two women wearing red are smiling at the camera.,with their poses turned to the camera are two women wearing striped shoes,0,2
378,a young black man is getting his hair buzzed off.,the lady is at the hair salon.,a young black man is getting his hair buzzed off.,[CLS] remark is at the trash salon.,0,2
379,a man with a pinstriped shirt and tan slacks adjust his tie while looking at a apple laptop computer.,a woman adjusts her bra,a man with a pinstriped shirt and tan slacks adjust his tie while looking at a apple laptop computer.,a gentleman inspires his partner,0,2
380,a man wearing a business suit holds up a drink as the other laughs.,the man is crying and writing,a man wearing a business suit holds up a drink as the other laughs.,[CLS] man is jealous and gets,0,2
381,a black man in a blue suit is talking on a cellphone while smoking.,the man is jogging,a black man in a blue suit is talking on a cellphone while smoking.,the man stating he,0,2
382,a little boy in a blue shirt is putting some sunglasses up to a window while a lady watches him.,a girl puts on some sunglasses,a little boy in a blue shirt is putting some sunglasses up to a window while a lady watches him.,[CLS] sims puts on some hint,0,2
383,three women are dancing among the bamboo.,a group of men are fencing.,three women are dancing among the bamboo.,[CLS] group of women are female.,0,1
384,a person in a red shirt is mowing the grass with a green riding mower.,a person in red is swimming in the olympics.,a person in a red shirt is mowing the grass with a green riding mower.,[CLS] black in red is visible in the shade.,0,2
385,"a woman in an american military uniform sits at a table and writes the words "" sad, "" "" depressed, "" and "" hatred "" on a large sheet of white paper.",a woman is diving off a mountain.,"a woman in an american military uniform sits at a table and writes the words "" sad, "" "" depressed, "" and "" hatred "" on a large sheet of white paper.",[CLS] woman is owed about a guard.,0,2
386,a businessman in a white sweater conducts necessary business in a plaza using a concrete abutment as a work table.,man in suit,a businessman in a white sweater conducts necessary business in a plaza using a concrete abutment as a work table.,excellence in employment,2,2
387,a girl in a black sweater and jeans pours water into an empty soda bottle.,a girl pours water into the ocean,a girl in a black sweater and jeans pours water into an empty soda bottle.,[CLS] girl donates lucky into the lounge,0,2
388,man wearing blue bowing on floor in front of another man in blue bowing on floor with two other men wearing blue kneeling on same floor also.,a man is wearing nothing.,man wearing blue bowing on floor in front of another man in blue bowing on floor with two other men wearing blue kneeling on same floor also.,[CLS] man demanding further forgiveness.,0,2
389,a white greyhound dog wearing a muzzle runs around a track.,the dog is not wearing a muzzle.,a white greyhound dog wearing a muzzle runs around a track.,[CLS] dog is not only a normal.,0,1
390,a man in colorful shorts is surfing under a wave.,a man is sunbathing.,a man in colorful shorts is surfing under a wave.,[CLS] man is constantly masthing.,0,2
391,a man swings his tennis racquet as the tennis ball gets closer to him.,a man is shooting a basketball at the goal.,a man swings his tennis racquet as the tennis ball gets closer to him.,[CLS] man is preparing a match at the start.,0,2
392,a man is sitting on the floor and is surrounded by pictures.,a man sitting on a barren floor.,a man is sitting on the floor and is surrounded by pictures.,[CLS] man sitting on a young floor.,0,2
393,"a boy wearing jean shorts, and a black and blue shirt, reading a book, sits on a rolling device up against a wall that says book fair, while other people stand around.",the boy plays a video game.,"a boy wearing jean shorts, and a black and blue shirt, reading a book, sits on a rolling device up against a wall that says book fair, while other people stand around.",the boy plays a gospel book.,0,2
394,"two girls, one wearing a pink shirt and the other wearing a blue shirt, are standing against a wall.",two girls playing hopscotch in an open court.,"two girls, one wearing a pink shirt and the other wearing a blue shirt, are standing against a wall.",##dating girls hang hopscotch in an additional pose.,0,2
395,people are on an escalator waiting to get to their destination while looking outside of the glass that makes up the wall.,people are taking the elevator.,people are on an escalator waiting to get to their destination while looking outside of the glass that makes up the wall.,diplomats are checking the entrances.,0,2
396,a person in blue is the only person currently throwing their ball at a bowling alley.,the person is eating nachos.,a person in blue is the only person currently throwing their ball at a bowling alley.,the person is carrying supplies consolations.,0,2
397,"a man wearing black pants, an orange and brown striped shirt, and a black bandanna in a "" just thrown a bowling ball "" stance.",the bandana is expensive.,"a man wearing black pants, an orange and brown striped shirt, and a black bandanna in a "" just thrown a bowling ball "" stance.",[CLS] bandanna is exclusive.,2,2
398,at least eight people are sitting at a table in a building that overlooks the city.,people sitting on the floor,at least eight people are sitting at a table in a building that overlooks the city.,guests sitting in the exterior,0,1
399,a photographer and assistant take a photo of a man in a suit and a woman in a dress in front of large white columns and a yellow wall.,the photographer is taking a photo of a dog.,a photographer and assistant take a photo of a man in a suit and a woman in a dress in front of large white columns and a yellow wall.,the photographer is known a photo of a lover.,0,2
